29403;# doc = rechSTARTNUM1.2ENDNUM.txt;;;;;;;;;;;;;;;;
29404;# speaker = ƒ;;;;;;;;;;;;;;;;
29405;# sent = 2191;;;;;;;;;;;;;;;;
29406;;ќна;ќЌј;SPRO sg 3p f nom;;;_ќна_ моет капусту .;а;н;о;;;;SPRO;ќЌј;SPRO sg 3p f nom;ј
29407;;моет;ћџ“№;V ipf praes sg indic - 3p;;;ќна _моет_ капусту .;т;е;о;м;;;V;ћџ“№;V ipf praes sg indic - 3p;№
29408;;капусту; јѕ”—“ј;S f inan acc sg;;;ќна моет _капусту_ .;у;т;с;у;п;а;S; јѕ”—“ј;S f inan acc sg;ј
29409;;.;.;PUNCT;;;;;;;;;;PUNCT;;;
29410;;;;;;;;;;;;;;;;;
29411;# sent = 2192;;;;;;;;;;;;;;;;
29412;;ј;ј;CONJ;;;. _ј_ , это салат;а;;;;;;CONJ;ј;CONJ;ј
29413;;,;,;PUNCT;;;;;;;;;;PUNCT;;;
29414;;это;Ё“ќ;SPRO n - nom sg;;;ј , _это_ салат , а;о;т;э;;;;SPRO;Ё“ќ;S n - nom sg;ќ
29415;;салат;—јЋј“;S m inan nom sg;;;ј , это _салат_ , а не;т;а;л;а;с;;S;—јЋј“;S m inan nom sg;“
29416;;,;,;PUNCT;;;;;;;;;;PUNCT;;;
29417;;а;ј;CONJ;;;это салат , _а_ не капуста .;а;;;;;;CONJ;ј;CONJ;ј
29418;;не;Ќ≈;PART;;;салат , а _не_ капуста .;е;н;;;;;PART;Ќ≈;PART;≈
29419;;капуста; јѕ”—“ј;S f inan nom sg;;;, а не _капуста_ .;а;т;с;у;п;а;S; јѕ”—“ј;S f inan nom sg;ј
29420;;.;.;PUNCT;;;;;;;;;;PUNCT;;;
29421;;;;;;;;;;;;;;;;;
29422;# sent = 2193;;;;;;;;;;;;;;;;
29423;;Ёто;Ё“ќ;SPRO n - nom sg;;;. _Ёто_ промо - ролик;о;т;э;;;;SPRO;Ё“ќ;S n - nom sg;ќ
29424;;промо;ѕ–ќћќ;A - nom sg plen m -;;;Ёто _промо_ - ролик ,;о;м;о;р;п;;A;ѕ–ќћќ…;A - - sg brev n -;…
29425;;-;-;PUNCT;;;;;;;;;;PUNCT;;;
29426;;ролик;–ќЋ» ;S m inan nom sg;;;Ёто промо - _ролик_ , € его;к;и;л;о;р;;S;–ќЋ» ;S m inan nom sg; 
29427;;,;,;PUNCT;;;;;;;;;;PUNCT;;;
29428;;€;я;SPRO sg 1p - nom;;;- ролик , _€_ его не должен;€;;;;;;SPRO;я;SPRO sg 1p - nom;я
29429;;его;ќЌ;SPRO sg 3p m acc;;;ролик , € _его_ не должен комментировать;о;г;е;;;;SPRO;ќЌ;SPRO sg 3p m acc;Ќ
29430;;не;Ќ≈;PART;;;, € его _не_ должен комментировать .;е;н;;;;;PART;Ќ≈;PART;≈
29431;;должен;ƒќЋ∆Ќџ…;A - - sg brev m -;;;€ его не _должен_ комментировать .;н;е;ж;л;о;д;A;ƒќЋ∆Ќџ…;A - - sg brev m -;…
29432;;комментировать; ќћћ≈Ќ“»–ќ¬ј“№;V ipf - - inf - -;;;его не должен _комментировать_ .;ь;т;а;в;о;р;V; ќћћ≈Ќ“»–ќ¬ј“№;V ipf - - inf - -;№
29433;;.;.;PUNCT;;;;;;;;;;PUNCT;;;
29434;;;;;;;;;;;;;;;;;
29435;# sent = 2194;;;;;;;;;;;;;;;;
29436;# speaker = я;;;;;;;;;;;;;;;;
29437;# sent = 2195;;;;;;;;;;;;;;;;
29438;;ћм;ћћ;INTJ;;;_ћм_ .;м;м;;;;;INTJ;ћћ;S m inan nonflex -;ћ
29439;;.;.;PUNCT;;;;;;;;;;PUNCT;;;
29440;;;;;;;;;;;;;;;;;
29441;# sent = 2196;;;;;;;;;;;;;;;;
29442;;Ќет;Ќ≈“;PART;;;. _Ќет_ , это не;т;е;н;;;;PART;Ќ≈“;PART;“
29443;;,;,;PUNCT;;;;;;;;;;PUNCT;;;
29444;;это;Ё“ќ;SPRO n - nom sg;;;Ќет , _это_ не промо -;о;т;э;;;;SPRO;Ё“ќ;S n - nom sg;ќ
29445;;не;Ќ≈;PART;;;Ќет , это _не_ промо - ролик;е;н;;;;;PART;Ќ≈;PART;≈
29446;;промо;ѕ–ќћќ;A - nom sg plen m -;;;, это не _промо_ - ролик ,;о;м;о;р;п;;A;ѕ–ќћќ…;A - - sg brev n -;…
29447;;-;-;PUNCT;;;;;;;;;;PUNCT;;;
29448;;ролик;–ќЋ» ;S m inan nom sg;;;не промо - _ролик_ , все нормально;к;и;л;о;р;;S;–ќЋ» ;S m inan nom sg; 
29449;;,;,;PUNCT;;;;;;;;;;PUNCT;;;
29450;;все;¬≈—№;APRO - nom sg plen n -;;;- ролик , _все_ нормально .;е;с;в;;;;S;¬—≈;S - - nom pl;≈
29451;;нормально;Ќќ–ћјЋ№Ќџ…;A - - sg brev n -;;;ролик , все _нормально_ .;о;н;ь;л;а;м;ADV;Ќќ–ћјЋ№Ќќ;ADV -;ќ
29452;;.;.;PUNCT;;;;;;;;;;PUNCT;;;
29453;;;;;;;;;;;;;;;;;
29454;# sent = 2197;;;;;;;;;;;;;;;;
29455;;Ёто;Ё“ќ;SPRO n - nom sg;;;. _Ёто_ уже сам Е;о;т;э;;;;SPRO;Ё“ќ;S n - nom sg;ќ
29456;;уже;”∆≈;ADV -;;;Ёто _уже_ сам Е само;е;ж;у;;;;ADV;”∆≈;ADV -;≈
29457;;сам;—јћ;A - nom sg plen m -;;;Ёто уже _сам_ Е само видео;м;а;с;;;;A;—јћ;A - nom sg plen m -;ћ
29458;;Е;Е;PUNCT;;;;;;;;;;PUNCT;;;
29459;;само;—јћ;A - nom sg plen n -;;;уже сам Е _само_ видео .;о;м;а;с;;;A;—јћ;A - nom sg plen n -;ћ
29460;;видео;¬»ƒ≈ќ;S n inan nom sg;;;сам Е само _видео_ .;о;е;д;и;в;;S;¬»ƒ≈ќ;S n inan nonflex -;ќ
29461;;.;.;PUNCT;;;;;;;;;;PUNCT;;;
29462;;;;;;;;;;;;;;;;;
29463;# sent = 2198;;;;;;;;;;;;;;;;
29464;# speaker = ƒ;;;;;;;;;;;;;;;;
29465;# sent = 2199;;;;;;;;;;;;;;;;
29466;;¬ыгл€дит;¬џ√Ћяƒ≈“№;V ipf praes sg indic - 3p;;;_¬ыгл€дит_ , как реклама;т;и;д;€;л;г;V;¬џ√Ћяƒ≈“№;V ipf praes sg indic - 3p;№
29467;;,;,;PUNCT;;;;;;;;;;PUNCT;;;
29468;;как; ј ;CONJ;;;¬ыгл€дит , _как_ реклама .;к;а;к;;;;CONJ; ј ;CONJ; 
29469;;реклама;–≈ Ћјћј;S f inan nom sg;;;¬ыгл€дит , как _реклама_ .;а;м;а;л;к;е;S;–≈ Ћјћј;S f inan nom sg;ј
29470;;.;.;PUNCT;;;;;;;;;;PUNCT;;;
29471;;;;;;;;;;;;;;;;;
29472;# sent = 2200;;;;;;;;;;;;;;;;
29473;# speaker = я;;;;;;;;;;;;;;;;
29474;# sent = 2201;;;;;;;;;;;;;;;;
29475;;ќй;ќ…;INTJ;;;_ќй_ , блин ,;й;о;;;;;INTJ;ќ…;INTJ;…
29476;;,;,;PUNCT;;;;;;;;;;PUNCT;;;
29477;;блин;ЅЋ»Ќ;INTJ;;;ќй , _блин_ , говори погромче;н;и;л;б;;;S;ЅЋ»Ќ;S m inan nom sg;Ќ
29478;;,;,;PUNCT;;;;;;;;;;PUNCT;;;
29479;;говори;√ќ¬ќ–»“№;V ipf - sg imper - 2p;;;, блин , _говори_ погромче .;и;р;о;в;о;г;V;√ќ¬ќ–»“№;V ipf - sg imper - 2p;№
29480;;погромче;√–ќћ ќ;ADV comp;;;блин , говори _погромче_ .;е;ч;м;о;р;г;ADV;√–ќћ ќ;ADV comp;ќ
29481;;.;.;PUNCT;;;;;;;;;;PUNCT;;;
29482;;;;;;;;;;;;;;;;;
29483;# sent = 2202;;;;;;;;;;;;;;;;
29484;# speaker = ƒ;;;;;;;;;;;;;;;;
29485;# sent = 2203;;;;;;;;;;;;;;;;
29486;;¬ыгл€дит;¬џ√Ћяƒ≈“№;V ipf praes sg indic - 3p;;;_¬ыгл€дит_ , как реклама;т;и;д;€;л;г;V;¬џ√Ћяƒ≈“№;V ipf praes sg indic - 3p;№
29487;;,;,;PUNCT;;;;;;;;;;PUNCT;;;
29488;;как; ј ;CONJ;;;¬ыгл€дит , _как_ реклама .;к;а;к;;;;CONJ; ј ;CONJ; 
29489;;реклама;–≈ Ћјћј;S f inan nom sg;;;¬ыгл€дит , как _реклама_ .;а;м;а;л;к;е;S;–≈ Ћјћј;S f inan nom sg;ј
29490;;.;.;PUNCT;;;;;;;;;;PUNCT;;;
29491;;;;;;;;;;;;;;;;;
29492;# sent = 2204;;;;;;;;;;;;;;;;
29493;# speaker = я;;;;;;;;;;;;;;;;
29494;# sent = 2205;;;;;;;;;;;;;;;;
29495;;”гу;”√”;INTJ;;;_”гу_ , спасибо .;у;г;у;;;;INTJ;”√”;INTJ;”
29496;;,;,;PUNCT;;;;;;;;;;PUNCT;;;
29497;;спасибо;—ѕј—»Ѕќ;S n inan nom sg;;;”гу , _спасибо_ .;о;б;и;с;а;п;S;—ѕј—»Ѕќ;S n inan nonflex -;ќ
29498;;.;.;PUNCT;;;;;;;;;;PUNCT;;;
29499;;;;;;;;;;;;;;;;;
29500;# sent = 2206;;;;;;;;;;;;;;;;
29501;;Ќу;Ќ”;PART;;;. _Ќу_ , говори что-нибудь;у;н;;;;;PART;Ќ”;PART;”
29502;;,;,;PUNCT;;;;;;;;;;PUNCT;;;
29503;;говори;√ќ¬ќ–»“№;V ipf - sg imper - 2p;;;Ќу , _говори_ что-нибудь , €;и;р;о;в;о;г;V;√ќ¬ќ–»“№;V ipf - sg imper - 2p;№
29504;;что-нибудь;„“ќ-Ќ»Ѕ”ƒ№;SPRO n inan acc sg;;;Ќу , говори _что-нибудь_ , € -;ь;д;у;б;и;н;SPRO;„“ќ-Ќ»Ѕ”ƒ№;S n - acc sg;№
29505;;,;,;PUNCT;;;;;;;;;;PUNCT;;;
29506;;€;я;SPRO sg 1p - nom;;;говори что-нибудь , _€_ - то Е;€;;;;;;SPRO;я;SPRO sg 1p - nom;я
29507;;-;-;PUNCT;;;;;;;;;;PUNCT;;;
29508;;то;“ќ;PART;;;, € - _то_ Е;о;т;;;;;PART;“ќ;CONJ;ќ
29509;;Е;Е;PUNCT;;;;;;;;;;PUNCT;;;
29510;;;;;;;;;;;;;;;;;
29511;# sent = 2207;;;;;;;;;;;;;;;;
29512;# speaker = ƒ;;;;;;;;;;;;;;;;
29513;# sent = 2208;;;;;;;;;;;;;;;;
29514;;ќни;ќЌ»;SPRO pl - - nom;;;_ќни_ говор€т на каком-то;и;н;о;;;;SPRO;ќЌ»;SPRO pl - - nom;»
29515;;говор€т;√ќ¬ќ–»“№;V ipf praes pl indic - 3p;;;ќни _говор€т_ на каком-то английском;т;€;р;о;в;о;V;√ќ¬ќ–»“№;V ipf praes pl indic - 3p;№
29516;;на;Ќј;PR;;;ќни говор€т _на_ каком-то английском .;а;н;;;;;PR;Ќј;PR;ј
29517;;каком-то; ј ќ…-“ќ;APRO - loc sg plen m -;;;ќни говор€т на _каком-то_ английском .;о;т;-;м;о;к;APRO; ј ќ…-“ќ;A - loc sg plen m -;ќ
29518;;английском;јЌ√Ћ»…— »…;A - loc sg plen m -;;;говор€т на каком-то _английском_ .;м;о;к;с;й;и;A;јЌ√Ћ»…— »…;A - loc sg plen m -;…
29519;;.;.;PUNCT;;;;;;;;;;PUNCT;;;
29520;;;;;;;;;;;;;;;;;
29521;# sent = 2209;;;;;;;;;;;;;;;;
29522;;ѕо-моему;ѕќ-ћќ≈ћ”;ADV -;;;. _ѕо-моему_ Е;у;м;е;о;м;-;ADV;ѕќ-ћќ≈ћ”;ADV -;”
29523;;Е;Е;PUNCT;;;;;;;;;;PUNCT;;;
29524;;;;;;;;;;;;;;;;;
29525;# sent = 2210;;;;;;;;;;;;;;;;
29526;;”;”;INTJ;;;Е _”_ му Е;у;;;;;;INTJ;”;INTJ;”
29527;;му;ћ”;NONLEX;;;” _му_ Е;у;м;;;;;INTJ;ћ”;S n inan nonflex -;”
29528;;Е;Е;PUNCT;;;;;;;;;;PUNCT;;;
29529;;;;;;;;;;;;;;;;;
29530;# sent = 2211;;;;;;;;;;;;;;;;
29531;;”;”;PR;;;Е _”_ мужчины , у;у;;;;;;PR;”;PR;”
29532;;мужчины;ћ”∆„»Ќј;S m anim gen sg;;;” _мужчины_ , у него;ы;н;и;ч;ж;у;S;ћ”∆„»Ќј;S m anim gen sg;ј
29533;;,;,;PUNCT;;;;;;;;;;PUNCT;;;
29534;;у;”;PR;;;” мужчины , _у_ него какой-то акцент;у;;;;;;PR;”;PR;”
29535;;него;ќЌ;SPRO sg 3p m acc;;;мужчины , у _него_ какой-то акцент ,;о;г;е;н;;;SPRO;ќЌ;SPRO sg 3p m acc;Ќ
29536;;какой-то; ј ќ…-“ќ;APRO - nom sg plen m -;;;, у него _какой-то_ акцент , что;о;т;-;й;о;к;APRO; ј ќ…-“ќ;A - nom sg plen m -;ќ
29537;;акцент;ј ÷≈Ќ“;S m inan nom sg;;;у него какой-то _акцент_ , что -;т;н;е;ц;к;а;S;ј ÷≈Ќ“;S m inan nom sg;“
29538;;,;,;PUNCT;;;;;;;;;;PUNCT;;;
29539;;что;„“ќ;PART;слитно со следующим;;какой-то акцент , _что_ - ли .;о;т;ч;;;;CONJ;„“ќ;CONJ;ќ
29540;;-;-;PUNCT;;;;;;;;;;PUNCT;;;
29541;;ли;Ћ»;PART;;;, что - _ли_ .;и;л;;;;;PART;Ћ»;PART;»
29542;;.;.;PUNCT;;;;;;;;;;PUNCT;;;
29543;;;;;;;;;;;;;;;;;
29544;# sent = 2212;;;;;;;;;;;;;;;;
29545;;(;(;PUNCT;;;;;;;;;;PUNCT;;;
29546;;—ейчас;—≈…„ј—;ADV -;;;( _—ейчас_ / щас );с;а;ч;й;е;с;ADV;—≈…„ј—;ADV -;—
29547;;/;/;PUNCT;;;;;;;;;;PUNCT;;;
29548;;щас;ўј—;ADV -;;;( —ейчас / _щас_ ) , €;с;а;щ;;;;ADV;ўј—;ADV -;—
29549;;););PUNCT;;;;;;;;;;PUNCT;;;
29550;;,;,;PUNCT;;;;;;;;;;PUNCT;;;
29551;;€;я;SPRO sg 1p - nom;;;щас ) , _€_ не могу пон€ть;€;;;;;;SPRO;я;SPRO sg 1p - nom;я
29552;;не;Ќ≈;PART;;;) , € _не_ могу пон€ть до;е;н;;;;;PART;Ќ≈;PART;≈
29553;;могу;ћќ„№;V ipf praes sg indic - 1p;;;, € не _могу_ пон€ть до конца;у;г;о;м;;;V;ћќ„№;V ipf praes sg indic - 1p;№
29554;;пон€ть;ѕќЌя“№;V pf - - inf - -;;;€ не могу _пон€ть_ до конца ,;ь;т;€;н;о;п;V;ѕќЌя“№;V pf - - inf - -;№
29555;;до;ƒќ;PR;;;не могу пон€ть _до_ конца , они;о;д;;;;;PR;ƒќ;PR;ќ
29556;;конца; ќЌ≈÷;S m inan gen sg;;;могу пон€ть до _конца_ , они мало;а;ц;н;о;к;;S; ќЌ≈÷;S m inan gen sg;÷
29557;;,;,;PUNCT;;;;;;;;;;PUNCT;;;
29558;;они;ќЌ»;SPRO pl - - nom;;;до конца , _они_ мало говор€т .;и;н;о;;;;SPRO;ќЌ»;SPRO pl - - nom;»
29559;;мало;ћјЋќ;ADV -;;;конца , они _мало_ говор€т .;о;л;а;м;;;ADV;ћјЋќ;ADV -;ќ
29560;;говор€т;√ќ¬ќ–»“№;V ipf praes pl indic - 3p;;;, они мало _говор€т_ .;т;€;р;о;в;о;V;√ќ¬ќ–»“№;V ipf praes pl indic - 3p;№
29561;;.;.;PUNCT;;;;;;;;;;PUNCT;;;
29562;;;;;;;;;;;;;;;;;
29563;# sent = 2213;;;;;;;;;;;;;;;;
29564;;Ёто;Ё“ќ;SPRO n - nom sg;;;. _Ёто_ очень сложно .;о;т;э;;;;SPRO;Ё“ќ;S n - nom sg;ќ
29565;;очень;ќ„≈Ќ№;ADV -;;;Ёто _очень_ сложно .;ь;н;е;ч;о;;ADV;ќ„≈Ќ№;ADV -;№
29566;;сложно;—Ћќ∆Ќќ;ADV -;;;Ёто очень _сложно_ .;о;н;ж;о;л;с;A;—Ћќ∆Ќџ…;A - - sg brev n -;…
29567;;.;.;PUNCT;;;;;;;;;;PUNCT;;;
29568;;;;;;;;;;;;;;;;;
29569;# sent = 2214;;;;;;;;;;;;;;;;
29570;# speaker = я;;;;;;;;;;;;;;;;
29571;# sent = 2215;;;;;;;;;;;;;;;;
29572;;Ёээ;ЁЁЁ;NONLEX;;;_Ёээ_ Е;э;э;э;;;;NONLEX;ЁЁЁ;NONLEX;Ё
29573;;Е;Е;PUNCT;;;;;;;;;;PUNCT;;;
29574;;;;;;;;;;;;;;;;;
29575;# sent = 2216;;;;;;;;;;;;;;;;
29576;# speaker = ƒ;;;;;;;;;;;;;;;;
29577;# sent = 2217;;;;;;;;;;;;;;;;
29578;;я;я;SPRO sg 1p - nom;;;_я_ не могу ,;€;;;;;;SPRO;я;SPRO sg 1p - nom;я
29579;;не;Ќ≈;PART;;;я _не_ могу , €;е;н;;;;;PART;Ќ≈;PART;≈
29580;;могу;ћќ„№;V ipf praes sg indic - 1p;;;я не _могу_ , € знаю;у;г;о;м;;;V;ћќ„№;V ipf praes sg indic - 1p;№
29581;;,;,;PUNCT;;;;;;;;;;PUNCT;;;
29582;;€;я;SPRO sg 1p - nom;;;не могу , _€_ знаю английский ,;€;;;;;;SPRO;я;SPRO sg 1p - nom;я
29583;;знаю;«Ќј“№;V ipf praes sg indic - 1p;;;могу , € _знаю_ английский , но;ю;а;н;з;;;V;«Ќј“№;V ipf praes sg indic - 1p;№
29584;;английский;јЌ√Ћ»…— »…;A - acc sg plen m -;;;, € знаю _английский_ , но €;й;и;к;с;й;и;A;јЌ√Ћ»…— »…;A - nom sg plen m -;…
29585;;,;,;PUNCT;;;;;;;;;;PUNCT;;;
29586;;но;Ќќ;CONJ;;;знаю английский , _но_ € не могу;о;н;;;;;CONJ;Ќќ;CONJ;ќ
29587;;€;я;SPRO sg 1p - nom;;;английский , но _€_ не могу пон€ть;€;;;;;;SPRO;я;SPRO sg 1p - nom;я
29588;;не;Ќ≈;PART;;;, но € _не_ могу пон€ть ,;е;н;;;;;PART;Ќ≈;PART;≈
29589;;могу;ћќ„№;V ipf praes sg indic - 1p;;;но € не _могу_ пон€ть ,;у;г;о;м;;;V;ћќ„№;V ipf praes sg indic - 1p;№
29590;;пон€ть;ѕќЌя“№;V pf - - inf - -;;;€ не могу _пон€ть_ ,;ь;т;€;н;о;п;V;ѕќЌя“№;V pf - - inf - -;№
29591;;,;,;PUNCT;;;;;;;;;;PUNCT;;;
29592;;;;;;;;;;;;;;;;;
29593;# sent = 2218;;;;;;;;;;;;;;;;
29594;# speaker = я;;;;;;;;;;;;;;;;
29595;# sent = 2219;;;;;;;;;;;;;;;;
29596;;ќкей;ќ ≈…;ADV;;;_ќкей_ Е;й;е;к;о;;;S;ќ ≈…;S m anim nom sg;…
29597;;Е;Е;PUNCT;;;;;;;;;;PUNCT;;;
29598;;;;;;;;;;;;;;;;;
29599;# sent = 2220;;;;;;;;;;;;;;;;
29600;# speaker = ƒ;;;;;;;;;;;;;;;;
29601;# sent = 2221;;;;;;;;;;;;;;;;
29602;;что;„“ќ;SPRO n inan acc sg;;;_что_ он говорит ,;о;т;ч;;;;CONJ;„“ќ;CONJ;ќ
29603;;он;ќЌ;SPRO sg 3p m nom;;;что _он_ говорит , он;н;о;;;;;SPRO;ќЌ;SPRO sg 3p m nom;Ќ
29604;;говорит;√ќ¬ќ–»“№;V ipf praes sg indic - 3p;;;что он _говорит_ , он слишком;т;и;р;о;в;о;V;√ќ¬ќ–»“№;V ipf praes sg indic - 3p;№
29605;;,;,;PUNCT;;;;;;;;;;PUNCT;;;
29606;;он;ќЌ;SPRO sg 3p m nom;;;он говорит , _он_ слишком Е непон€тно;н;о;;;;;SPRO;ќЌ;SPRO sg 3p m nom;Ќ
29607;;слишком;—Ћ»Ў ќћ;ADV -;;;говорит , он _слишком_ Е непон€тно Е;м;о;к;ш;и;л;ADV;—Ћ»Ў ќћ;ADV -;ћ
29608;;Е;Е;PUNCT;;;;;;;;;;PUNCT;;;
29609;;непон€тно;Ќ≈ѕќЌя“Ќќ;ADV -;;;он слишком Е _непон€тно_ Е;о;н;т;€;н;о;A;Ќ≈ѕќЌя“Ќџ…;A - - sg brev n -;…
29610;;Е;Е;PUNCT;;;;;;;;;;PUNCT;;;
29611;;;;;;;;;;;;;;;;;
29612;# sent = 2222;;;;;;;;;;;;;;;;
29613;# speaker = я;;;;;;;;;;;;;;;;
29614;# sent = 2223;;;;;;;;;;;;;;;;
29615;;“ипа;“»ѕј;PART;;;_“ипа_ , не зн;а;п;и;т;;;PART;“»ѕј;PART;ј
29616;;,;,;PUNCT;;;;;;;;;;PUNCT;;;
29617;;не;Ќ≈;PART;;;“ипа , _не_ зн Е;е;н;;;;;PART;Ќ≈;PART;≈
29618;;зн;«Ќ;NONLEX;;;“ипа , не _зн_ Е;н;з;;;;;NONLEX;«Ќ;NONLEX;Ќ
29619;;Е;Е;PUNCT;;;;;;;;;;PUNCT;;;
29620;;;;;;;;;;;;;;;;;
29621;# sent = 2224;;;;;;;;;;;;;;;;
29622;;Ќу;Ќ”;PART;;;Е _Ќу_ , короче ,;у;н;;;;;PART;Ќ”;PART;”
29623;;,;,;PUNCT;;;;;;;;;;PUNCT;;;
29624;;короче; ќ–ќ„≈;ADV comp;;;Ќу , _короче_ , не молчи;е;ч;о;р;о;к;ADV; ќ–ќ„≈;ADV comp;≈
29625;;,;,;PUNCT;;;;;;;;;;PUNCT;;;
29626;;не;Ќ≈;PART;;;, короче , _не_ молчи , в;е;н;;;;;PART;Ќ≈;PART;≈
29627;;молчи;ћќЋ„ј“№;V ipf - sg imper - 2p;;;короче , не _молчи_ , в общем;и;ч;л;о;м;;V;ћќЋ„ј“№;V ipf - sg imper - 2p;№
29628;;,;,;PUNCT;;;;;;;;;;PUNCT;;;
29629;;в;¬;PARENTH;слитно со следующим;;не молчи , _в_ общем , описывай;в;;;;;;PR;¬;PR;¬
29630;;общем;ќЅў»…;PARENTH;;;молчи , в _общем_ , описывай ,;м;е;щ;б;о;;A;ќЅў»…;A - loc sg plen m -;…
29631;;,;,;PUNCT;;;;;;;;;;PUNCT;;;
29632;;описывай;ќѕ»—џ¬ј“№;V ipf - sg imper - 2p;;;в общем , _описывай_ , что угодно;й;а;в;ы;с;и;V;ќѕ»—џ¬ј“№;V ipf - sg imper - 2p;№
29633;;,;,;PUNCT;;;;;;;;;;PUNCT;;;
29634;;что;„“ќ;SPRO n inan acc sg;;;, описывай , _что_ угодно .;о;т;ч;;;;CONJ;„“ќ;CONJ;ќ
29635;;угодно;”√ќƒЌќ;PART;;;описывай , что _угодно_ .;о;н;д;о;г;у;PART;”√ќƒЌќ;PART;ќ
29636;;.;.;PUNCT;;;;;;;;;;PUNCT;;;
29637;;;;;;;;;;;;;;;;;
29638;# sent = 2225;;;;;;;;;;;;;;;;
29639;# speaker = ƒ;;;;;;;;;;;;;;;;
29640;# sent = 2226;;;;;;;;;;;;;;;;
29641;;∆енщина;∆≈Ќў»Ќј;S f anim nom sg;;;_∆енщина_ Е;а;н;и;щ;н;е;S;∆≈Ќў»Ќј;S f anim nom sg;ј
29642;;Е;Е;PUNCT;;;;;;;;;;PUNCT;;;
29643;;;;;;;;;;;;;;;;;
29644;# sent = 2227;;;;;;;;;;;;;;;;
29645;;∆енщина;∆≈Ќў»Ќј;S f anim nom sg;;;Е _∆енщина_ че-то;а;н;и;щ;н;е;S;∆≈Ќў»Ќј;S f anim nom sg;ј
29646;"<distinct form=""";;;;;;;;;;;;;;;;
29647;<dist>;че-то;;;;;;;;;;;;;;;
29648;""">";;;;;;;;;;;;;;;;
29649;;что-то;„“ќ-“ќ;SPRO n inan acc sg;;;че-то _что-то_ Е;о;т;-;о;т;ч;SPRO;„“ќ-“ќ;S n - acc sg;ќ
29650;</distinct>;;;;;;;;;;;;;;;;
29651;;Е;Е;PUNCT;;;;;;;;;;PUNCT;;;
29652;;;;;;;;;;;;;;;;;
29653;# sent = 2228;;;;;;;;;;;;;;;;
29654;;∆енщину;∆≈Ќў»Ќј;S f anim acc sg;;;Е _∆енщину_ € могу пон€ть;у;н;и;щ;н;е;S;∆≈Ќў»Ќј;S f anim acc sg;ј
29655;;€;я;SPRO sg 1p - nom;;;∆енщину _€_ могу пон€ть ,;€;;;;;;SPRO;я;SPRO sg 1p - nom;я
29656;;могу;ћќ„№;V ipf praes sg indic - 1p;;;∆енщину € _могу_ пон€ть , а;у;г;о;м;;;V;ћќ„№;V ipf praes sg indic - 1p;№
29657;;пон€ть;ѕќЌя“№;V pf - - inf - -;;;∆енщину € могу _пон€ть_ , а мужчину;ь;т;€;н;о;п;V;ѕќЌя“№;V pf - - inf - -;№
29658;;,;,;PUNCT;;;;;;;;;;PUNCT;;;
29659;;а;ј;CONJ;;;могу пон€ть , _а_ мужчину не могу;а;;;;;;CONJ;ј;CONJ;ј
29660;;мужчину;ћ”∆„»Ќј;S m anim acc sg;;;пон€ть , а _мужчину_ не могу ,;у;н;и;ч;ж;у;S;ћ”∆„»Ќј;S m anim acc sg;ј
29661;;не;Ќ≈;PART;;;, а мужчину _не_ могу , потому что;е;н;;;;;PART;Ќ≈;PART;≈
29662;;могу;ћќ„№;V ipf praes sg indic - 1p;;;а мужчину не _могу_ , потому что Е;у;г;о;м;;;V;ћќ„№;V ipf praes sg indic - 1p;№
29663;;,;,;PUNCT;;;;;;;;;;PUNCT;;;
29664;;потому что;потому что;CONJ;;;не могу , _потому что_ Е он говорит;о;т;ч;;у;м;CONJ;потому что;CONJ;о
29665;;Е;Е;PUNCT;;;;;;;;;;PUNCT;;;
29666;;он;ќЌ;SPRO sg 3p m nom;;;, потому что Е _он_ говорит как-то Е;н;о;;;;;SPRO;ќЌ;SPRO sg 3p m nom;Ќ
29667;;говорит;√ќ¬ќ–»“№;V ipf praes sg indic - 3p;;;потому что Е он _говорит_ как-то Е не;т;и;р;о;в;о;V;√ќ¬ќ–»“№;V ipf praes sg indic - 3p;№
29668;;как-то; ј -“ќ;ADV -;;;Е он говорит _как-то_ Е не знаю;о;т;-;к;а;к;ADV; ј -“ќ;ADV -;ќ
29669;;Е;Е;PUNCT;;;;;;;;;;PUNCT;;;
29670;;не;Ќ≈;PART;;;говорит как-то Е _не_ знаю , не;е;н;;;;;PART;Ќ≈;PART;≈
29671;;знаю;«Ќј“№;V ipf praes sg indic - 1p;;;как-то Е не _знаю_ , не совсем;ю;а;н;з;;;V;«Ќј“№;V ipf praes sg indic - 1p;№
29672;;,;,;PUNCT;;;;;;;;;;PUNCT;;;
29673;;не;Ќ≈;PART;;;не знаю , _не_ совсем пон€тно .;е;н;;;;;PART;Ќ≈;PART;≈
29674;;совсем;—ќ¬—≈ћ;ADV -;;;знаю , не _совсем_ пон€тно .;м;е;с;в;о;с;ADV;—ќ¬—≈ћ;ADV -;ћ
29675;;пон€тно;ѕќЌя“Ќќ;ADV -;;;, не совсем _пон€тно_ .;о;н;т;€;н;о;ADV;ѕќЌя“Ќќ;ADV -;ќ
29676;;.;.;PUNCT;;;;;;;;;;PUNCT;;;
29677;;;;;;;;;;;;;;;;;
29678;# sent = 2229;;;;;;;;;;;;;;;;
29679;;¬от;¬ќ“;PART;;;. _¬от_ .;т;о;в;;;;PART;¬ќ“;PART;“
29680;;.;.;PUNCT;;;;;;;;;;PUNCT;;;
29681;;;;;;;;;;;;;;;;;
29682;# sent = 2230;;;;;;;;;;;;;;;;
29683;; ак будто; ак будто;CONJ;;;. _ ак будто_ бы он Е;о;т;д;у;б;;CONJ; ак будто;CONJ;о
29684;;бы;Ѕџ;PART;;; ак будто _бы_ он Е;ы;б;;;;;PART;Ѕџ;PART;џ
29685;;он;ќЌ;SPRO sg 3p m nom;;; ак будто бы _он_ Е;н;о;;;;;SPRO;ќЌ;SPRO sg 3p m nom;Ќ
29686;;Е;Е;PUNCT;;;;;;;;;;PUNCT;;;
29687;;;;;;;;;;;;;;;;;
29688;# sent = 2231;;;;;;;;;;;;;;;;
29689;;Ѕлин;ЅЋ»Ќ;INTJ;;;Е _Ѕлин_ , € еЄ;н;и;л;б;;;S;ЅЋ»Ќ;S m inan nom sg;Ќ
29690;;,;,;PUNCT;;;;;;;;;;PUNCT;;;
29691;;€;я;SPRO sg 1p - nom;;;Ѕлин , _€_ еЄ тоже не;€;;;;;;SPRO;я;SPRO sg 1p - nom;я
29692;;еЄ;ќЌј;SPRO sg 3p f acc;;;Ѕлин , € _еЄ_ тоже не могу;Є;е;;;;;SPRO;ќЌј;SPRO sg 3p f acc;ј
29693;;тоже;“ќ∆≈;PART;;;, € еЄ _тоже_ не могу пон€ть;е;ж;о;т;;;PART;“ќ∆≈;PART;≈
29694;;не;Ќ≈;PART;;;€ еЄ тоже _не_ могу пон€ть ,;е;н;;;;;PART;Ќ≈;PART;≈
29695;;могу;ћќ„№;V ipf praes sg indic - 1p;;;еЄ тоже не _могу_ пон€ть , подожди;у;г;о;м;;;V;ћќ„№;V ipf praes sg indic - 1p;№
29696;;пон€ть;ѕќЌя“№;V pf - - inf - -;;;тоже не могу _пон€ть_ , подожди Е;ь;т;€;н;о;п;V;ѕќЌя“№;V pf - - inf - -;№
29697;;,;,;PUNCT;;;;;;;;;;PUNCT;;;
29698;;подожди;ѕќƒќ∆ƒј“№;V pf - sg imper - 2p;;;могу пон€ть , _подожди_ Е;и;д;ж;о;д;о;V;ѕќƒќ∆ƒј“№;V pf - sg imper - 2p;№
29699;;Е;Е;PUNCT;;;;;;;;;;PUNCT;;;
29700;;;;;;;;;;;;;;;;;
29701;# sent = 2232;;;;;;;;;;;;;;;;
29702;;ѕодожди;ѕќƒќ∆ƒј“№;V pf - sg imper - 2p;;;Е _ѕодожди_ , € пон€л;и;д;ж;о;д;о;V;ѕќƒќ∆ƒј“№;V pf - sg imper - 2p;№
29703;;,;,;PUNCT;;;;;;;;;;PUNCT;;;
29704;;€;я;SPRO sg 1p - nom;;;ѕодожди , _€_ пон€л Ђ Yeah;€;;;;;;SPRO;я;SPRO sg 1p - nom;я
29705;;пон€л;ѕќЌя“№;V pf praet sg indic m -;;;ѕодожди , € _пон€л_ Ђ Yeah ,;л;€;н;о;п;;V;ѕќЌя“№;V pf praet sg indic m -;№
29706;;Ђ;Ђ;PUNCT;;;;;;;;;;PUNCT;;;
29707;;Yeah;YEAH;NONLEX;;;€ пон€л Ђ _Yeah_ , sure ї;h;a;e;y;;;NONLEX;YEAH;NONLEX;H
29708;;,;,;PUNCT;;;;;;;;;;PUNCT;;;
29709;;sure;SURE;NONLEX;;;Ђ Yeah , _sure_ ї , это;e;r;u;s;;;NONLEX;SURE;NONLEX;E
29710;;ї;ї;PUNCT;;;;;;;;;;PUNCT;;;
29711;;,;,;PUNCT;;;;;;;;;;PUNCT;;;
29712;;это;Ё“ќ;SPRO n - acc sg;;;sure ї , _это_ все .;о;т;э;;;;SPRO;Ё“ќ;S n - acc sg;ќ
29713;;все;¬≈—№;APRO - nom sg plen n -;;;ї , это _все_ .;е;с;в;;;;PART;¬—≈;PART;≈
29714;;.;.;PUNCT;;;;;;;;;;PUNCT;;;
29715;;;;;;;;;;;;;;;;;
29716;# sent = 2233;;;;;;;;;;;;;;;;
29717;"<distinct form=""";;;;;;;;;;;;;;;;
29718;<dist>;Ѕл€ть;;;;;;;;;;;;;;;
29719;""">";;;;;;;;;;;;;;;;
29720;;Ѕл€дь;ЅЋяƒ№;INTJ;;;Ѕл€ть _Ѕл€дь_ Е;ь;д;€;л;б;;S;ЅЋяƒ№;S f anim acc sg;№
29721;</distinct>;;;;;;;;;;;;;;;;
29722;;Е;Е;PUNCT;;;;;;;;;;PUNCT;;;
29723;;;;;;;;;;;;;;;;;
29724;# sent = 2234;;;;;;;;;;;;;;;;
29725;# speaker = я;;;;;;;;;;;;;;;;
29726;# sent = 2235;;;;;;;;;;;;;;;;
29727;;я;я;SPRO sg 1p - nom;;;_я_ , кстати ,;€;;;;;;SPRO;я;SPRO sg 1p - nom;я
29728;;,;,;PUNCT;;;;;;;;;;PUNCT;;;
29729;;кстати; —“ј“»;ADV -;;;я , _кстати_ , не знаю;и;т;а;т;с;к;ADV; —“ј“»;ADV -;»
29730;;,;,;PUNCT;;;;;;;;;;PUNCT;;;
29731;;не;Ќ≈;PART;;;, кстати , _не_ знаю , можно;е;н;;;;;PART;Ќ≈;PART;≈
29732;;знаю;«Ќј“№;V ipf praes sg indic - 1p;;;кстати , не _знаю_ , можно ли;ю;а;н;з;;;V;«Ќј“№;V ipf praes sg indic - 1p;№
29733;;,;,;PUNCT;;;;;;;;;;PUNCT;;;
29734;;можно;ћќ∆Ќќ;PRAEDIC;;;не знаю , _можно_ ли Е;о;н;ж;о;м;;PRAEDIC;ћќ∆Ќќ;PRAEDIC;ќ
29735;;ли;Ћ»;PART;;;знаю , можно _ли_ Е;и;л;;;;;PART;Ћ»;PART;»
29736;;Е;Е;PUNCT;;;;;;;;;;PUNCT;;;
29737;;;;;;;;;;;;;;;;;
29738;# sent = 2236;;;;;;;;;;;;;;;;
29739;# speaker = ƒ;;;;;;;;;;;;;;;;
29740;# sent = 2237;;;;;;;;;;;;;;;;
29741;;Ќичего;Ќ»„“ќ;SPRO n inan acc sg;;;_Ќичего_ не пон€тно .;о;г;е;ч;и;н;SPRO;Ќ»„“ќ;S n - gen sg;ќ
29742;;не;Ќ≈;PART;;;Ќичего _не_ пон€тно .;е;н;;;;;PART;Ќ≈;PART;≈
29743;;пон€тно;ѕќЌя“Ќќ;ADV -;;;Ќичего не _пон€тно_ .;о;н;т;€;н;о;ADV;ѕќЌя“Ќќ;ADV -;ќ
29744;;.;.;PUNCT;;;;;;;;;;PUNCT;;;
29745;;;;;;;;;;;;;;;;;
29746;# sent = 2238;;;;;;;;;;;;;;;;
29747;# speaker = я;;;;;;;;;;;;;;;;
29748;# sent = 2239;;;;;;;;;;;;;;;;
29749;;ћожно;ћќ∆Ќќ;PRAEDIC;;;_ћожно_ ?;о;н;ж;о;м;;PRAEDIC;ћќ∆Ќќ;PRAEDIC;ќ
29750;;?;?;PUNCT;;;;;;;;;;PUNCT;;;
29751;;;;;;;;;;;;;;;;;
29752;# sent = 2240;;;;;;;;;;;;;;;;
29753;;ƒумаю;ƒ”ћј“№;V ipf praes sg indic - 1p;;;? _ƒумаю_ да , что;ю;а;м;у;д;;V;ƒ”ћј“№;V ipf praes sg indic - 1p;№
29754;;да;ƒј;PART;;;ƒумаю _да_ , что тоже;а;д;;;;;CONJ;ƒј;CONJ;ј
29755;;,;,;PUNCT;;;;;;;;;;PUNCT;;;
29756;;что;„“ќ;CONJ;;;ƒумаю да , _что_ тоже можно .;о;т;ч;;;;CONJ;„“ќ;CONJ;ќ
29757;;тоже;“ќ∆≈;PART;;;да , что _тоже_ можно .;е;ж;о;т;;;PART;“ќ∆≈;PART;≈
29758;;можно;ћќ∆Ќќ;PRAEDIC;;;, что тоже _можно_ .;о;н;ж;о;м;;PRAEDIC;ћќ∆Ќќ;PRAEDIC;ќ
29759;;.;.;PUNCT;;;;;;;;;;PUNCT;;;
29760;;;;;;;;;;;;;;;;;
29761;# sent = 2241;;;;;;;;;;;;;;;;
29762;; ак бы; ак бы;PART;;;. _ ак бы_ Е;ы;б;;к;а;к;PART; ак бы;ADV -;ы
29763;;Е;Е;PUNCT;;;;;;;;;;PUNCT;;;
29764;;;;;;;;;;;;;;;;;
29765;# sent = 2242;;;;;;;;;;;;;;;;
29766;;–;–;NONLEX;;;Е _–_ ...;р;;;;;;NONLEX;–;NONLEX;–
29767;;...;...;PUNCT;;;;;;;;;;PUNCT;;;
29768;;;;;;;;;;;;;;;;;
29769;# sent = 2243;;;;;;;;;;;;;;;;
29770;# speaker = ƒ;;;;;;;;;;;;;;;;
29771;# sent = 2244;;;;;;;;;;;;;;;;
29772;;¬ообще;¬ќќЅў≈;ADV -;;;_¬ообще_ ничего .;е;щ;б;о;о;в;ADV;¬ќќЅў≈;ADV -;≈
29773;;ничего;Ќ»„“ќ;ADV -;;;¬ообще _ничего_ .;о;г;е;ч;и;н;ADV;Ќ»„≈√ќ;ADV -;ќ
29774;;.;.;PUNCT;;;;;;;;;;PUNCT;;;
29775;;;;;;;;;;;;;;;;;
29776;# sent = 2245;;;;;;;;;;;;;;;;
29777;# speaker = я;;;;;;;;;;;;;;;;
29778;# sent = 2246;;;;;;;;;;;;;;;;
29779;;–усский;–”—— »…;A - nom sg plen m -;;;_–усский_ €зык , как бы;й;и;к;с;с;у;A;–”—— »…;A - nom sg plen m -;…
29780;;€зык;я«џ ;S m inan nom sg;;;–усский _€зык_ , как бы ,;к;ы;з;€;;;S;я«џ ;S m inan nom sg; 
29781;;,;,;PUNCT;;;;;;;;;;PUNCT;;;
29782;;как бы;как бы;PART;;;–усский €зык , _как бы_ , могучий .;ы;б;;к;а;к;PART;как бы;ADV -;ы
29783;;,;,;PUNCT;;;;;;;;;;PUNCT;;;
29784;;могучий;ћќ√”„»…;A - nom sg plen m -;;;, как бы , _могучий_ .;й;и;ч;у;г;о;A;ћќ√”„»…;A - nom sg plen m -;…
29785;;.;.;PUNCT;;;;;;;;;;PUNCT;;;
29786;;;;;;;;;;;;;;;;;
29787;# sent = 2247;;;;;;;;;;;;;;;;
29788;# speaker = ƒ;;;;;;;;;;;;;;;;
29789;# sent = 2248;;;;;;;;;;;;;;;;
29790;;ќни;ќЌ»;SPRO pl - - nom;;;_ќни_ молчат .;и;н;о;;;;SPRO;ќЌ»;SPRO pl - - nom;»
29791;;молчат;ћќЋ„ј“№;V ipf praes pl indic - 3p;;;ќни _молчат_ .;т;а;ч;л;о;м;V;ћќЋ„ј“№;V ipf praes pl indic - 3p;№
29792;;.;.;PUNCT;;;;;;;;;;PUNCT;;;
29793;;;;;;;;;;;;;;;;;
29794;# sent = 2249;;;;;;;;;;;;;;;;
29795;;Ѕлин;ЅЋ»Ќ;INTJ;;;. _Ѕлин_ .;н;и;л;б;;;S;ЅЋ»Ќ;S m inan acc sg;Ќ
29796;;.;.;PUNCT;;;;;;;;;;PUNCT;;;
29797;;;;;;;;;;;;;;;;;
29798;# sent = 2250;;;;;;;;;;;;;;;;
29799;;”;”;PR;;;. _”_ них какой-то Е;у;;;;;;PR;”;PR;”
29800;;них;ќЌ»;SPRO pl - - gen;;;” _них_ какой-то Е;х;и;н;;;;SPRO;ќЌ»;SPRO pl - - loc;»
29801;;какой-то; ј ќ…-“ќ;APRO - nom sg plen m -;;;” них _какой-то_ Е;о;т;-;й;о;к;APRO; ј ќ…-“ќ;A - nom sg plen m -;ќ
29802;;Е;Е;PUNCT;;;;;;;;;;PUNCT;;;
29803;;;;;;;;;;;;;;;;;
29804;# sent = 2251;;;;;;;;;;;;;;;;
29805;;я;я;SPRO sg 1p - nom;;;Е _я_ реально Е;€;;;;;;SPRO;я;SPRO sg 1p - nom;я
29806;;реально;–≈јЋ№Ќќ;ADV -;;;я _реально_ Е;о;н;ь;л;а;е;ADV;–≈јЋ№Ќќ;ADV -;ќ
29807;;Е;Е;PUNCT;;;;;;;;;;PUNCT;;;
29808;;;;;;;;;;;;;;;;;
29809;# sent = 2252;;;;;;;;;;;;;;;;
29810;;Ёто;Ё“ќ;SPRO n - nom sg;;;Е _Ёто_ Е;о;т;э;;;;SPRO;Ё“ќ;S n - nom sg;ќ
29811;;Е;Е;PUNCT;;;;;;;;;;PUNCT;;;
29812;;;;;;;;;;;;;;;;;
29813;# sent = 2253;;;;;;;;;;;;;;;;
29814;;Ёто;Ё“ќ;SPRO n - nom sg;;;Е _Ёто_ вроде английский ,;о;т;э;;;;SPRO;Ё“ќ;S n - nom sg;ќ
29815;;вроде;¬–ќƒ≈;PART;;;Ёто _вроде_ английский , но;е;д;о;р;в;;PART;¬–ќƒ≈;PART;≈
29816;;английский;јЌ√Ћ»…— »…;A - nom sg plen m -;;;Ёто вроде _английский_ , но Е;й;и;к;с;й;и;A;јЌ√Ћ»…— »…;A - nom sg plen m -;…
29817;;,;,;PUNCT;;;;;;;;;;PUNCT;;;
29818;;но;Ќќ;CONJ;;;вроде английский , _но_ Е какой-то странный;о;н;;;;;CONJ;Ќќ;CONJ;ќ
29819;;Е;Е;PUNCT;;;;;;;;;;PUNCT;;;
29820;;какой-то; ј ќ…-“ќ;APRO - nom sg plen m -;;;, но Е _какой-то_ странный английский .;о;т;-;й;о;к;APRO; ј ќ…-“ќ;A - nom sg plen m -;ќ
29821;;странный;—“–јЌЌџ…;A - nom sg plen m -;;;но Е какой-то _странный_ английский .;й;ы;н;н;а;р;A;—“–јЌЌџ…;A - nom sg plen m -;…
29822;;английский;јЌ√Ћ»…— »…;A - nom sg plen m -;;;Е какой-то странный _английский_ .;й;и;к;с;й;и;A;јЌ√Ћ»…— »…;A - nom sg plen m -;…
29823;;.;.;PUNCT;;;;;;;;;;PUNCT;;;
29824;;;;;;;;;;;;;;;;;
29825;# sent = 2254;;;;;;;;;;;;;;;;
29826;# speaker = я;;;;;;;;;;;;;;;;
29827;# sent = 2255;;;;;;;;;;;;;;;;
29828;;Ќу;Ќ”;PART;;;_Ќу_ как ты думаешь;у;н;;;;;PART;Ќ”;PART;”
29829;;как; ј ;ADV -;;;Ќу _как_ ты думаешь ,;к;а;к;;;;ADV; ј ;ADV -; 
29830;;ты;“џ;SPRO sg 2p - nom;;;Ќу как _ты_ думаешь , о;ы;т;;;;;SPRO;“џ;SPRO sg 2p - nom;џ
29831;;думаешь;ƒ”ћј“№;V ipf praes sg indic - 2p;;;Ќу как ты _думаешь_ , о чем;ь;ш;е;а;м;у;V;ƒ”ћј“№;V ipf praes sg indic - 2p;№
29832;;,;,;PUNCT;;;;;;;;;;PUNCT;;;
29833;;о;ќ;PR;;;ты думаешь , _о_ чем они говор€т;о;;;;;;PR;ќ;PR;ќ
29834;;чем;„“ќ;SPRO n inan loc sg;;;думаешь , о _чем_ они говор€т ,;м;е;ч;;;;SPRO;„“ќ;S n - ins sg;ќ
29835;;они;ќЌ»;SPRO pl - - nom;;;, о чем _они_ говор€т , скажем;и;н;о;;;;SPRO;ќЌ»;SPRO pl - - nom;»
29836;;говор€т;√ќ¬ќ–»“№;V ipf praes pl indic - 3p;;;о чем они _говор€т_ , скажем .;т;€;р;о;в;о;V;√ќ¬ќ–»“№;V ipf praes pl indic - 3p;№
29837;;,;,;PUNCT;;;;;;;;;;PUNCT;;;
29838;;скажем;— ј∆≈ћ;ADV -;;;они говор€т , _скажем_ .;м;е;ж;а;к;с;ADV;— ј∆≈ћ;ADV -;ћ
29839;;.;.;PUNCT;;;;;;;;;;PUNCT;;;
29840;;;;;;;;;;;;;;;;;
29841;# sent = 2256;;;;;;;;;;;;;;;;
29842;# speaker = ƒ;;;;;;;;;;;;;;;;
29843;# sent = 2257;;;;;;;;;;;;;;;;
29844;;ќни;ќЌ»;SPRO pl - - nom;;;_ќни_ ссор€тс€ .;и;н;о;;;;SPRO;ќЌ»;SPRO pl - - nom;»
29845;;ссор€тс€;——ќ–»“№—я;V ipf praes pl indic - 3p;;;ќни _ссор€тс€_ .;€;с;т;€;р;о;V;——ќ–»“№—я;V ipf praes pl indic - 3p;я
29846;;.;.;PUNCT;;;;;;;;;;PUNCT;;;
29847;;;;;;;;;;;;;;;;;
29848;# sent = 2258;;;;;;;;;;;;;;;;
29849;;Ёто;Ё“ќ;SPRO n - nom sg;;;. _Ёто_ € точно могу;о;т;э;;;;SPRO;Ё“ќ;S n - nom sg;ќ
29850;;€;я;SPRO sg 1p - nom;;;Ёто _€_ точно могу пон€ть;€;;;;;;SPRO;я;SPRO sg 1p - nom;я
29851;;точно;“ќ„Ќќ;ADV -;;;Ёто € _точно_ могу пон€ть .;о;н;ч;о;т;;ADV;“ќ„Ќќ;ADV -;ќ
29852;;могу;ћќ„№;V ipf praes sg indic - 1p;;;Ёто € точно _могу_ пон€ть .;у;г;о;м;;;V;ћќ„№;V ipf praes sg indic - 1p;№
29853;;пон€ть;ѕќЌя“№;V pf - - inf - -;;;€ точно могу _пон€ть_ .;ь;т;€;н;о;п;V;ѕќЌя“№;V pf - - inf - -;№
29854;;.;.;PUNCT;;;;;;;;;;PUNCT;;;
29855;;;;;;;;;;;;;;;;;
29856;# sent = 2259;;;;;;;;;;;;;;;;
29857;;Ѕл€;ЅЋя;INTJ;;;. _Ѕл€_ , они говор€т;€;л;б;;;;INTJ;ЅЋя;INTJ;я
29858;;,;,;PUNCT;;;;;;;;;;PUNCT;;;
29859;;они;ќЌ»;SPRO pl - - nom;;;Ѕл€ , _они_ говор€т то ли;и;н;о;;;;SPRO;ќЌ»;SPRO pl - - nom;»
29860;;говор€т;√ќ¬ќ–»“№;V ipf praes pl indic - 3p;;;Ѕл€ , они _говор€т_ то ли на;т;€;р;о;в;о;V;√ќ¬ќ–»“№;V ipf praes pl indic - 3p;№
29861;;то;“ќ;CONJ;;;, они говор€т _то_ ли на с;о;т;;;;;CONJ;“ќ;CONJ;ќ
29862;;ли;Ћ»;PART;;;они говор€т то _ли_ на с Е;и;л;;;;;PART;Ћ»;PART;»
29863;;на;Ќј;PR;;;говор€т то ли _на_ с Е каком-то;а;н;;;;;PR;Ќј;PR;ј
29864;;с;—;NONLEX;;;то ли на _с_ Е каком-то сложном;с;;;;;;PR;—;PR;—
29865;;Е;Е;PUNCT;;;;;;;;;;PUNCT;;;
29866;;каком-то; ј ќ…-“ќ;APRO - loc sg plen m -;;;на с Е _каком-то_ сложном английском ,;о;т;-;м;о;к;APRO; ј ќ…-“ќ;A - loc sg plen m -;ќ
29867;;сложном;—Ћќ∆Ќџ…;A - loc sg plen n -;;;с Е каком-то _сложном_ английском , то;м;о;н;ж;о;л;A;—Ћќ∆Ќџ…;A - loc sg plen n -;…
29868;;английском;јЌ√Ћ»…— »…;A - loc sg plen m -;;;Е каком-то сложном _английском_ , то ли;м;о;к;с;й;и;A;јЌ√Ћ»…— »…;A - loc sg plen m -;…
29869;;,;,;PUNCT;;;;;;;;;;PUNCT;;;
29870;;то;“ќ;CONJ;;;сложном английском , _то_ ли они чередуют;о;т;;;;;CONJ;“ќ;CONJ;ќ
29871;;ли;Ћ»;PART;;;английском , то _ли_ они чередуют ,;и;л;;;;;PART;Ћ»;PART;»
29872;;они;ќЌ»;SPRO pl - - nom;;;, то ли _они_ чередуют , потому что;и;н;о;;;;SPRO;ќЌ»;SPRO pl - - nom;»
29873;;чередуют;„≈–≈ƒќ¬ј“№;V ipf praes pl indic - 3p;;;то ли они _чередуют_ , потому что там;т;ю;у;д;е;р;V;„≈–≈ƒќ¬ј“№;V ipf praes pl indic - 3p;№
29874;;,;,;PUNCT;;;;;;;;;;PUNCT;;;
29875;;потому что;потому что;CONJ;;;они чередуют , _потому что_ там Е т;о;т;ч;;у;м;CONJ;потому что;CONJ;о
29876;;там;“јћ;ADV;;;чередуют , потому что _там_ Е т Е;м;а;т;;;;PART;“јћ;PART;ћ
29877;;Е;Е;PUNCT;;;;;;;;;;PUNCT;;;
29878;;т;“;NONLEX;;;потому что там Е _т_ Е;т;;;;;;NONLEX;“;S f inan nonflex -;“
29879;;Е;Е;PUNCT;;;;;;;;;;PUNCT;;;
29880;;;;;;;;;;;;;;;;;
29881;# sent = 2260;;;;;;;;;;;;;;;;
29882;;јнглийский;јЌ√Ћ»…— »…;A - nom sg plen m -;;;Е _јнглийский_ Ч не англ;й;и;к;с;й;и;A;јЌ√Ћ»…— »…;A - nom sg plen m -;…
29883;;Ч;Ч;PUNCT;;;;;;;;;;PUNCT;;;
29884;;не;Ќ≈;PART;;;јнглийский Ч _не_ англ Е;е;н;;;;;PART;Ќ≈;PART;≈
29885;;англ;јЌ√Ћ;NONLEX;;;јнглийский Ч не _англ_ Е;л;г;н;а;;;S;јЌ√Ћ;S m anim nom sg;Ћ
29886;;Е;Е;PUNCT;;;;;;;;;;PUNCT;;;
29887;;;;;;;;;;;;;;;;;
29888;# sent = 2261;;;;;;;;;;;;;;;;
29889;;я;я;SPRO sg 1p - nom;;;Е _я_ не могу пон€ть;€;;;;;;SPRO;я;SPRO sg 1p - nom;я
29890;;не;Ќ≈;PART;;;я _не_ могу пон€ть .;е;н;;;;;PART;Ќ≈;PART;≈
29891;;могу;ћќ„№;V ipf praes sg indic - 1p;;;я не _могу_ пон€ть .;у;г;о;м;;;V;ћќ„№;V ipf praes sg indic - 1p;№
29892;;пон€ть;ѕќЌя“№;V pf - - inf - -;;;я не могу _пон€ть_ .;ь;т;€;н;о;п;V;ѕќЌя“№;V pf - - inf - -;№
29893;;.;.;PUNCT;;;;;;;;;;PUNCT;;;
29894;;;;;;;;;;;;;;;;;
29895;# sent = 2262;;;;;;;;;;;;;;;;
29896;;¬от;¬ќ“;PART;;;. _¬от_ .;т;о;в;;;;PART;¬ќ“;PART;“
29897;;.;.;PUNCT;;;;;;;;;;PUNCT;;;
29898;;;;;;;;;;;;;;;;;
29899;# sent = 2263;;;;;;;;;;;;;;;;
29900;;ќна;ќЌј;SPRO sg 3p f nom;;;. _ќна_ Е;а;н;о;;;;SPRO;ќЌј;SPRO sg 3p f nom;ј
29901;;Е;Е;PUNCT;;;;;;;;;;PUNCT;;;
29902;;;;;;;;;;;;;;;;;
29903;# sent = 2264;;;;;;;;;;;;;;;;
29904;;ќни;ќЌ»;SPRO pl - - nom;;;Е _ќни_ поссорились , а;и;н;о;;;;SPRO;ќЌ»;SPRO pl - - nom;»
29905;;поссорились;ѕќ——ќ–»“№—я;V pf praet pl indic - -;;;ќни _поссорились_ , а теперь;ь;с;и;л;и;р;V;ѕќ——ќ–»“№—я;V pf praet pl indic - -;я
29906;;,;,;PUNCT;;;;;;;;;;PUNCT;;;
29907;;а;ј;CONJ;;;ќни поссорились , _а_ теперь она несет;а;;;;;;CONJ;ј;CONJ;ј
29908;;теперь;“≈ѕ≈–№;ADV -;;;поссорились , а _теперь_ она несет ему;ь;р;е;п;е;т;ADV;“≈ѕ≈–№;ADV -;№
29909;;она;ќЌј;SPRO sg 3p f nom;;;, а теперь _она_ несет ему торт;а;н;о;;;;SPRO;ќЌј;SPRO sg 3p f nom;ј
29910;;несет;Ќ≈—“»;V ipf praes sg indic - 3p;;;а теперь она _несет_ ему торт .;т;е;с;е;н;;V;Ќ≈—“»;V ipf praes sg indic - 3p;»
29911;;ему;ќЌ;SPRO sg 3p m dat;;;теперь она несет _ему_ торт .;у;м;е;;;;SPRO;ќЌ;SPRO sg 3p m dat;Ќ
29912;;торт;“ќ–“;S m inan acc sg;;;она несет ему _торт_ .;т;р;о;т;;;S;“ќ–“;S m inan acc sg;“
29913;;.;.;PUNCT;;;;;;;;;;PUNCT;;;
29914;;;;;;;;;;;;;;;;;
29915;# sent = 2265;;;;;;;;;;;;;;;;
29916;;Ёто;Ё“ќ;SPRO n - nom sg;;;. _Ёто_ € пон€л .;о;т;э;;;;SPRO;Ё“ќ;S n - nom sg;ќ
29917;;€;я;SPRO sg 1p - nom;;;Ёто _€_ пон€л .;€;;;;;;SPRO;я;SPRO sg 1p - nom;я
29918;;пон€л;ѕќЌя“№;V pf praet sg indic m -;;;Ёто € _пон€л_ .;л;€;н;о;п;;V;ѕќЌя“№;V pf praet sg indic m -;№
29919;;.;.;PUNCT;;;;;;;;;;PUNCT;;;
29920;;;;;;;;;;;;;;;;;
29921;# sent = 2266;;;;;;;;;;;;;;;;
29922;;Ёээ;ЁЁЁ;NONLEX;;;. _Ёээ_ Е;э;э;э;;;;NONLEX;ЁЁЁ;NONLEX;Ё
29923;;Е;Е;PUNCT;;;;;;;;;;PUNCT;;;
29924;;;;;;;;;;;;;;;;;
29925;# sent = 2267;;;;;;;;;;;;;;;;
29926;;Ёто;Ё“ќ;SPRO n - nom sg;;;Е _Ёто_ тоже .;о;т;э;;;;SPRO;Ё“ќ;S n - nom sg;ќ
29927;;тоже;“ќ∆≈;PART;;;Ёто _тоже_ .;е;ж;о;т;;;PART;“ќ∆≈;PART;≈
29928;;.;.;PUNCT;;;;;;;;;;PUNCT;;;
29929;;;;;;;;;;;;;;;;;
29930;# sent = 2268;;;;;;;;;;;;;;;;
29931;# speaker = я;;;;;;;;;;;;;;;;
29932;# sent = 2269;;;;;;;;;;;;;;;;
29933;;Ќу;Ќ”;PART;;;_Ќу_ € не знаю;у;н;;;;;PART;Ќ”;PART;”
29934;;€;я;SPRO sg 1p - nom;;;Ќу _€_ не знаю .;€;;;;;;SPRO;я;SPRO sg 1p - nom;я
29935;;не;Ќ≈;PART;;;Ќу € _не_ знаю .;е;н;;;;;PART;Ќ≈;PART;≈
29936;;знаю;«Ќј“№;V ipf praes sg indic - 1p;;;Ќу € не _знаю_ .;ю;а;н;з;;;V;«Ќј“№;V ipf praes sg indic - 1p;№
29937;;.;.;PUNCT;;;;;;;;;;PUNCT;;;
29938;;;;;;;;;;;;;;;;;
29939;# sent = 2270;;;;;;;;;;;;;;;;
29940;;ќпиши;ќѕ»—ј“№;V pf - sg imper - 2p;;;. _ќпиши_ их эмоции .;и;ш;и;п;о;;V;ќѕ»—ј“№;V pf - sg imper - 2p;№
29941;;их;»’;APRO - acc pl plen - -;;;ќпиши _их_ эмоции .;х;и;;;;;SPRO;ќЌ»;SPRO pl - - acc;»
29942;;эмоции;Ёћќ÷»я;S f inan acc pl;;;ќпиши их _эмоции_ .;и;и;ц;о;м;э;S;Ёћќ÷»я;S f inan acc pl;я
29943;;.;.;PUNCT;;;;;;;;;;PUNCT;;;
29944;;;;;;;;;;;;;;;;;
29945;# sent = 2271;;;;;;;;;;;;;;;;
29946;;Ѕлин;ЅЋ»Ќ;INTJ;;;. _Ѕлин_ , в общем;н;и;л;б;;;S;ЅЋ»Ќ;S m inan acc sg;Ќ
29947;;,;,;PUNCT;;;;;;;;;;PUNCT;;;
29948;;в;¬;PARENTH;слитно со следующим;;Ѕлин , _в_ общем , нужно;в;;;;;;PR;¬;PR;¬
29949;;общем;ќЅў»…;PARENTH;;;Ѕлин , в _общем_ , нужно Е;м;е;щ;б;о;;A;ќЅў»…;A - loc sg plen m -;…
29950;;,;,;PUNCT;;;;;;;;;;PUNCT;;;
29951;;нужно;Ќ”∆Ќќ;PRAEDIC;;;в общем , _нужно_ Е не молчать;о;н;ж;у;н;;PRAEDIC;Ќ”∆Ќќ;ADV -;ќ
29952;;Е;Е;PUNCT;;;;;;;;;;PUNCT;;;
29953;;не;Ќ≈;PART;;;, нужно Е _не_ молчать .;е;н;;;;;PART;Ќ≈;PART;≈
29954;;молчать;ћќЋ„ј“№;V ipf - - inf - -;;;нужно Е не _молчать_ .;ь;т;а;ч;л;о;V;ћќЋ„ј“№;V ipf - - inf - -;№
29955;;.;.;PUNCT;;;;;;;;;;PUNCT;;;
29956;;;;;;;;;;;;;;;;;
29957;# sent = 2272;;;;;;;;;;;;;;;;
29958;# speaker = ƒ;;;;;;;;;;;;;;;;
29959;# sent = 2273;;;;;;;;;;;;;;;;
29960;;Ќу;Ќ”;PART;;;_Ќу_ , они;у;н;;;;;PART;Ќ”;PART;”
29961;;,;,;PUNCT;;;;;;;;;;PUNCT;;;
29962;;они;ќЌ»;SPRO pl - - nom;;;Ќу , _они_ че-то;и;н;о;;;;SPRO;ќЌ»;SPRO pl - - nom;»
29963;"<distinct form=""";;;;;;;;;;;;;;;;
29964;<dist>;че-то;;;;;;;;;;;;;;;
29965;""">";;;;;;;;;;;;;;;;
29966;;что-то;„“ќ-“ќ;SPRO n inan acc sg;;;че-то _что-то_ Е;о;т;-;о;т;ч;SPRO;„“ќ-“ќ;S n - acc sg;ќ
29967;</distinct>;;;;;;;;;;;;;;;;
29968;;Е;Е;PUNCT;;;;;;;;;;PUNCT;;;
29969;;;;;;;;;;;;;;;;;
29970;# sent = 2274;;;;;;;;;;;;;;;;
29971;;Ќепон€тно;Ќ≈ѕќЌя“Ќќ;ADV -;;;Е _Ќепон€тно_ , потому что;о;н;т;€;н;о;ADV;Ќ≈ѕќЌя“Ќќ;ADV -;ќ
29972;;,;,;PUNCT;;;;;;;;;;PUNCT;;;
29973;;потому что;потому что;CONJ;;;Ќепон€тно , _потому что_ ниче;о;т;ч;;у;м;CONJ;потому что;CONJ;о
29974;"<distinct form=""";;;;;;;;;;;;;;;;
29975;<dist>;ниче;;;;;;;;;;;;;;;
29976;""">";;;;;;;;;;;;;;;;
29977;;ничто;Ќ»„“ќ;SPRO n inan acc sg;;;ниче _ничто_ € не;о;т;ч;и;н;;SPRO;Ќ»„“ќ;S n - nom sg;ќ
29978;</distinct>;;;;;;;;;;;;;;;;
29979;;€;я;SPRO sg 1p - nom;;;ничто _€_ не могу сказать;€;;;;;;SPRO;я;SPRO sg 1p - nom;я
29980;;не;Ќ≈;PART;;;ничто € _не_ могу сказать .;е;н;;;;;PART;Ќ≈;PART;≈
29981;;могу;ћќ„№;V ipf praes sg indic - 1p;;;€ не _могу_ сказать .;у;г;о;м;;;V;ћќ„№;V ipf praes sg indic - 1p;№
29982;;сказать;— ј«ј“№;V pf - - inf - -;;;€ не могу _сказать_ .;ь;т;а;з;а;к;V;— ј«ј“№;V pf - - inf - -;№
29983;;.;.;PUNCT;;;;;;;;;;PUNCT;;;
29984;;;;;;;;;;;;;;;;;
29985;# sent = 2275;;;;;;;;;;;;;;;;
29986;;—мысл;—ћџ—Ћ;S m inan nom sg;;;. _—мысл_ в том ,;л;с;ы;м;с;;S;—ћџ—Ћ;S m inan nom sg;Ћ
29987;;в;¬;PR;;;—мысл _в_ том , что;в;;;;;;PR;¬;PR;¬
29988;;том;“ќ;SPRO n - loc sg;;;—мысл в _том_ , что €;м;о;т;;;;SPRO;“ќ;S n - loc sg;ќ
29989;;,;,;PUNCT;;;;;;;;;;PUNCT;;;
29990;;что;„“ќ;CONJ;;;в том , _что_ € должен пон€ть;о;т;ч;;;;CONJ;„“ќ;CONJ;ќ
29991;;€;я;SPRO sg 1p - nom;;;том , что _€_ должен пон€ть ,;€;;;;;;SPRO;я;SPRO sg 1p - nom;я
29992;;должен;ƒќЋ∆Ќџ…;A - - sg brev m -;;;, что € _должен_ пон€ть , о;н;е;ж;л;о;д;A;ƒќЋ∆Ќџ…;A - - sg brev m -;…
29993;;пон€ть;ѕќЌя“№;V pf - - inf - -;;;что € должен _пон€ть_ , о чем;ь;т;€;н;о;п;V;ѕќЌя“№;V pf - - inf - -;№
29994;;,;,;PUNCT;;;;;;;;;;PUNCT;;;
29995;;о;ќ;PR;;;должен пон€ть , _о_ чем говоритс€ здесь;о;;;;;;PR;ќ;PR;ќ
29996;;чем;„“ќ;SPRO n inan loc sg;;;пон€ть , о _чем_ говоритс€ здесь ,;м;е;ч;;;;SPRO;„“ќ;S n - ins sg;ќ
29997;;говоритс€;√ќ¬ќ–»“№—я;V ipf praes sg indic - 3p;;;, о чем _говоритс€_ здесь , да;€;с;т;и;р;о;V;√ќ¬ќ–»“№—я;V ipf praes sg indic - 3p;я
29998;;здесь;«ƒ≈—№;ADV -;;;о чем говоритс€ _здесь_ , да ?;ь;с;е;д;з;;ADV;«ƒ≈—№;ADV -;№
29999;;,;,;PUNCT;;;;;;;;;;PUNCT;;;
30000;;да;ƒј;PART;;;говоритс€ здесь , _да_ ?;а;д;;;;;PART;ƒј;PART;ј
30001;;?;?;PUNCT;;;;;;;;;;PUNCT;;;
30002;;;;;;;;;;;;;;;;;
30003;# sent = 2276;;;;;;;;;;;;;;;;
30004;# speaker = я;;;;;;;;;;;;;;;;
30005;# sent = 2277;;;;;;;;;;;;;;;;
30006;;“ы;“џ;SPRO sg 2p - nom;;;_“ы_ должен просто вс€чески;ы;т;;;;;SPRO;“џ;SPRO sg 2p - nom;џ
30007;;должен;ƒќЋ∆Ќџ…;A - - sg brev m -;;;“ы _должен_ просто вс€чески комментировать;н;е;ж;л;о;д;A;ƒќЋ∆Ќџ…;A - - sg brev m -;…
30008;;просто;ѕ–ќ—“ќ;PART;;;“ы должен _просто_ вс€чески комментировать видео;о;т;с;о;р;п;PART;ѕ–ќ—“ќ;PART;ќ
30009;;вс€чески;¬—я„≈— »;ADV -;;;“ы должен просто _вс€чески_ комментировать видео .;и;к;с;е;ч;€;ADV;¬—я„≈— »;ADV -;»
30010;;комментировать; ќћћ≈Ќ“»–ќ¬ј“№;V ipf - - inf - -;;;должен просто вс€чески _комментировать_ видео .;ь;т;а;в;о;р;V; ќћћ≈Ќ“»–ќ¬ј“№;V ipf - - inf - -;№
30011;;видео;¬»ƒ≈ќ;S n inan acc sg;;;просто вс€чески комментировать _видео_ .;о;е;д;и;в;;S;¬»ƒ≈ќ;S n inan nonflex -;ќ
30012;;.;.;PUNCT;;;;;;;;;;PUNCT;;;
30013;;;;;;;;;;;;;;;;;
30014;# sent = 2278;;;;;;;;;;;;;;;;
30015;# speaker = ƒ;;;;;;;;;;;;;;;;
30016;# sent = 2279;;;;;;;;;;;;;;;;
30017;;¬от;¬ќ“;PART;;;_¬от_ .;т;о;в;;;;PART;¬ќ“;PART;“
30018;;.;.;PUNCT;;;;;;;;;;PUNCT;;;
30019;;;;;;;;;;;;;;;;;
30020;# sent = 2280;;;;;;;;;;;;;;;;
30021;;ќно;ќЌќ;SPRO sg 3p n nom;;;. _ќно_ закончилось .;о;н;о;;;;SPRO;ќЌќ;SPRO sg 3p n nom;ќ
30022;;закончилось;«ј ќЌ„»“№—я;V pf praet sg indic n -;;;ќно _закончилось_ .;ь;с;о;л;и;ч;V;«ј ќЌ„»“№—я;V pf praet sg indic n -;я
30023;;.;.;PUNCT;;;;;;;;;;PUNCT;;;
30024;;;;;;;;;;;;;;;;;
30025;# sent = 2281;;;;;;;;;;;;;;;;
30026;;„ерный;„≈–Ќџ…;A - nom sg plen m -;;;. _„ерный_ экран .;й;ы;н;р;е;ч;A;„≈–Ќџ…;A - nom sg plen m -;…
30027;;экран;Ё –јЌ;S m inan nom sg;;;„ерный _экран_ .;н;а;р;к;э;;S;Ё –јЌ;S m inan nom sg;Ќ
30028;;.;.;PUNCT;;;;;;;;;;PUNCT;;;
30029;;;;;;;;;;;;;;;;;
30030;# sent = 2282;;;;;;;;;;;;;;;;
30031;# speaker = я;;;;;;;;;;;;;;;;
30032;# sent = 2283;;;;;;;;;;;;;;;;
30033;;ќй;ќ…;INTJ;;;_ќй_ , блин ,;й;о;;;;;INTJ;ќ…;INTJ;…
30034;;,;,;PUNCT;;;;;;;;;;PUNCT;;;
30035;;блин;ЅЋ»Ќ;INTJ;;;ќй , _блин_ , оно закончилось;н;и;л;б;;;S;ЅЋ»Ќ;S m inan nom sg;Ќ
30036;;,;,;PUNCT;;;;;;;;;;PUNCT;;;
30037;;оно;ќЌќ;SPRO sg 3p n nom;;;, блин , _оно_ закончилось .;о;н;о;;;;SPRO;ќЌќ;SPRO sg 3p n nom;ќ
30038;;закончилось;«ј ќЌ„»“№—я;V pf praet sg indic n -;;;блин , оно _закончилось_ .;ь;с;о;л;и;ч;V;«ј ќЌ„»“№—я;V pf praet sg indic n -;я
30039;;.;.;PUNCT;;;;;;;;;;PUNCT;;;
30040;;;;;;;;;;;;;;;;;
30041;# sent = 2284;;;;;;;;;;;;;;;;
30042;;“огда;“ќ√ƒј;ADV -;;;. _“огда_ Е;а;д;г;о;т;;ADV;“ќ√ƒј;ADV -;ј
30043;;Е;Е;PUNCT;;;;;;;;;;PUNCT;;;
30044;;;;;;;;;;;;;;;;;
30045;# sent = 2285;;;;;;;;;;;;;;;;
30046;;Ёээ;ЁЁЁ;NONLEX;;;Е _Ёээ_ Е;э;э;э;;;;NONLEX;ЁЁЁ;NONLEX;Ё
30047;;Е;Е;PUNCT;;;;;;;;;;PUNCT;;;
30048;;;;;;;;;;;;;;;;;
30049;# sent = 2286;;;;;;;;;;;;;;;;
30050;;“огда;“ќ√ƒј;ADV -;;;Е _“огда_ наж Е нажми;а;д;г;о;т;;ADV;“ќ√ƒј;ADV -;ј
30051;;наж;Ќј∆;NONLEX;;;“огда _наж_ Е нажми на;ж;а;н;;;;S;Ќј∆;S m inan acc sg;∆
30052;;Е;Е;PUNCT;;;;;;;;;;PUNCT;;;
30053;;нажми;Ќј∆ј“№;V pf - sg imper - 2p;;;“огда наж Е _нажми_ на паузу .;и;м;ж;а;н;;V;Ќј∆ј“№;V pf - sg imper - 2p;№
30054;;на;Ќј;PR;;;наж Е нажми _на_ паузу .;а;н;;;;;PR;Ќј;PR;ј
30055;;паузу;ѕј”«ј;S f inan acc sg;;;Е нажми на _паузу_ .;у;з;у;а;п;;S;ѕј”«ј;S f inan acc sg;ј
30056;;.;.;PUNCT;;;;;;;;;;PUNCT;;;
30057;;;;;;;;;;;;;;;;;
30058;# sent = 2287;;;;;;;;;;;;;;;;
30059;;Ќу;Ќ”;PART;;;. _Ќу_ , в смысле;у;н;;;;;PART;Ќ”;PART;”
30060;;,;,;PUNCT;;;;;;;;;;PUNCT;;;
30061;;в;¬;PR;;;Ќу , _в_ смысле Е;в;;;;;;PR;¬;PR;¬
30062;;смысле;—ћџ—Ћ;S m inan loc sg;;;Ќу , в _смысле_ Е;е;л;с;ы;м;с;S;—ћџ—Ћ;S m inan loc sg;Ћ
30063;;Е;Е;PUNCT;;;;;;;;;;PUNCT;;;
30064;;;;;;;;;;;;;;;;;
30065;# sent = 2288;;;;;;;;;;;;;;;;
30066;; ороче; ќ–ќ„≈;ADV comp;;;Е _ ороче_ , это видео;е;ч;о;р;о;к;ADV; ќ–ќ„≈;ADV comp;≈
30067;;,;,;PUNCT;;;;;;;;;;PUNCT;;;
30068;;это;Ё“ќ;SPRO n - nom sg;;; ороче , _это_ видео про то;о;т;э;;;;SPRO;Ё“ќ;S n - nom sg;ќ
30069;;видео;¬»ƒ≈ќ;S n inan nom sg;;; ороче , это _видео_ про то ,;о;е;д;и;в;;S;¬»ƒ≈ќ;S n inan nonflex -;ќ
30070;;про;ѕ–ќ;PR;;;, это видео _про_ то , как;о;р;п;;;;PR;ѕ–ќ;PR;ќ
30071;;то;“ќ;SPRO n - acc sg;;;это видео про _то_ , как Е;о;т;;;;;SPRO;“ќ;S n - acc sg;ќ
30072;;,;,;PUNCT;;;;;;;;;;PUNCT;;;
30073;;как; ј ;CONJ;;;про то , _как_ Е;к;а;к;;;;ADV; ј ;ADV -; 
30074;;Е;Е;PUNCT;;;;;;;;;;PUNCT;;;
30075;;;;;;;;;;;;;;;;;
30076;# sent = 2289;;;;;;;;;;;;;;;;
30077;;“о есть;“о есть;CONJ;;;Е _“о есть_ они Е;ь;т;с;е;;о;CONJ;“о есть;ADV -;ь
30078;;они;ќЌ»;SPRO pl - - nom;;;“о есть _они_ Е;и;н;о;;;;SPRO;ќЌ»;SPRO pl - - nom;»
30079;;Е;Е;PUNCT;;;;;;;;;;PUNCT;;;
30080;;;;;;;;;;;;;;;;;
30081;# sent = 2290;;;;;;;;;;;;;;;;
30082;;Ёто;Ё“ќ;SPRO n - nom sg;;;Е _Ёто_ вообще не английский;о;т;э;;;;SPRO;Ё“ќ;S n - nom sg;ќ
30083;;вообще;¬ќќЅў≈;ADV -;;;Ёто _вообще_ не английский .;е;щ;б;о;о;в;ADV;¬ќќЅў≈;ADV -;≈
30084;;не;Ќ≈;PART;;;Ёто вообще _не_ английский .;е;н;;;;;PART;Ќ≈;PART;≈
30085;;английский;јЌ√Ћ»…— »…;A - nom sg plen m -;;;Ёто вообще не _английский_ .;й;и;к;с;й;и;A;јЌ√Ћ»…— »…;A - nom sg plen m -;…
30086;;.;.;PUNCT;;;;;;;;;;PUNCT;;;
30087;;;;;;;;;;;;;;;;;
30088;# sent = 2291;;;;;;;;;;;;;;;;
30089;# speaker = ƒ;;;;;;;;;;;;;;;;
30090;# sent = 2292;;;;;;;;;;;;;;;;
30091;;я;я;SPRO sg 1p - nom;;;_я_ пон€л , это;€;;;;;;SPRO;я;SPRO sg 1p - nom;я
30092;;пон€л;ѕќЌя“№;V pf praet sg indic m -;;;я _пон€л_ , это и;л;€;н;о;п;;V;ѕќЌя“№;V pf praet sg indic m -;№
30093;;,;,;PUNCT;;;;;;;;;;PUNCT;;;
30094;;это;Ё“ќ;SPRO n - nom sg;;;я пон€л , _это_ и б Е;о;т;э;;;;SPRO;Ё“ќ;S n - nom sg;ќ
30095;;и;»;CONJ;;;пон€л , это _и_ б Е;и;;;;;;CONJ;»;CONJ;»
30096;;б;Ѕ;NONLEX;;;, это и _б_ Е;б;;;;;;PART;Ѕ;PART;Ѕ
30097;;Е;Е;PUNCT;;;;;;;;;;PUNCT;;;
30098;;;;;;;;;;;;;;;;;
30099;# sent = 2293;;;;;;;;;;;;;;;;
30100;;Ќе;Ќ≈;PART;;;Е _Ќе_ , ну там;е;н;;;;;PART;Ќ≈;PART;≈
30101;;,;,;PUNCT;;;;;;;;;;PUNCT;;;
30102;;ну;Ќ”;PART;;;Ќе , _ну_ там были английские;у;н;;;;;PART;Ќ”;PART;”
30103;;там;“јћ;ADV -;;;Ќе , ну _там_ были английские слова;м;а;т;;;;ADV;“јћ;ADV -;ћ
30104;;были;Ѕџ“№;V ipf praet pl indic - -;;;, ну там _были_ английские слова ,;и;л;ы;б;;;V;Ѕџ“№;V ipf praet pl indic - -;№
30105;;английские;јЌ√Ћ»…— »…;A - nom pl plen - -;;;ну там были _английские_ слова , типа;е;и;к;с;й;и;A;јЌ√Ћ»…— »…;A - nom pl plen - -;…
30106;;слова;—Ћќ¬ќ;S n inan nom pl;;;там были английские _слова_ , типа Е;а;в;о;л;с;;S;—Ћќ¬ќ;S n inan nom pl;ќ
30107;;,;,;PUNCT;;;;;;;;;;PUNCT;;;
30108;;типа;“»ѕј;PART;;;английские слова , _типа_ Е;а;п;и;т;;;PART;“»ѕј;PART;ј
30109;;Е;Е;PUNCT;;;;;;;;;;PUNCT;;;
30110;;;;;;;;;;;;;;;;;
30111;# sent = 2294;;;;;;;;;;;;;;;;
30112;# speaker = я;;;;;;;;;;;;;;;;
30113;# sent = 2295;;;;;;;;;;;;;;;;
30114;;ƒа;ƒј;PART;;;_ƒа_ .;а;д;;;;;PART;ƒј;PART;ј
30115;;.;.;PUNCT;;;;;;;;;;PUNCT;;;
30116;;;;;;;;;;;;;;;;;
30117;# sent = 2296;;;;;;;;;;;;;;;;
30118;# speaker = ƒ;;;;;;;;;;;;;;;;
30119;# sent = 2297;;;;;;;;;;;;;;;;
30120;;“ам;“јћ;ADV -;;;_“ам_ , вот эти;м;а;т;;;;ADV;“јћ;ADV -;ћ
30121;;,;,;PUNCT;;;;;;;;;;PUNCT;;;
30122;;вот;¬ќ“;PART;;;“ам , _вот_ эти короткие фразы;т;о;в;;;;PART;¬ќ“;PART;“
30123;;эти;Ё“ќ“;APRO - nom pl plen - -;;;“ам , вот _эти_ короткие фразы ,;и;т;э;;;;APRO;Ё“ќ“;A - nom pl plen - -;“
30124;;короткие; ќ–ќ“ »…;A - nom pl plen - -;;;, вот эти _короткие_ фразы ,;е;и;к;т;о;р;A; ќ–ќ“ »…;A - nom pl plen - -;…
30125;;фразы;‘–ј«ј;S f inan nom pl;;;вот эти короткие _фразы_ , че-то;ы;з;а;р;ф;;S;‘–ј«ј;S f inan nom pl;ј
30126;;,;,;PUNCT;;;;;;;;;;PUNCT;;;
30127;"<distinct form=""";;;;;;;;;;;;;;;;
30128;<dist>;че-то;;;;;;;;;;;;;;;
30129;""">";;;;;;;;;;;;;;;;
30130;;что-то;„“ќ-“ќ;SPRO n inan nom sg;;;че-то _что-то_ типа Ђ;о;т;-;о;т;ч;SPRO;„“ќ-“ќ;S n - acc sg;ќ
30131;</distinct>;;;;;;;;;;;;;;;;
30132;;типа;“»ѕј;PART;;;что-то _типа_ Ђ Yes ,;а;п;и;т;;;PART;“»ѕј;PART;ј
30133;;Ђ;Ђ;PUNCT;;;;;;;;;;PUNCT;;;
30134;;Yes;YES;NONLEX;;;типа Ђ _Yes_ , sure ї;s;e;y;;;;NONLEX;YES;NONLEX;S
30135;;,;,;PUNCT;;;;;;;;;;PUNCT;;;
30136;;sure;SURE;NONLEX;;;Ђ Yes , _sure_ ї , другие;e;r;u;s;;;NONLEX;SURE;NONLEX;E
30137;;ї;ї;PUNCT;;;;;;;;;;PUNCT;;;
30138;;,;,;PUNCT;;;;;;;;;;PUNCT;;;
30139;;другие;ƒ–”√ќ…;A - acc pl plen - inan;;;sure ї , _другие_ € говорить не;е;и;г;у;р;д;A;ƒ–”√ќ…;A - acc pl plen - inan;…
30140;;€;я;SPRO sg 1p - nom;;;ї , другие _€_ говорить не буду;€;;;;;;SPRO;я;SPRO sg 1p - nom;я
30141;;говорить;√ќ¬ќ–»“№;V ipf - - inf - -;;;, другие € _говорить_ не буду ,;ь;т;и;р;о;в;V;√ќ¬ќ–»“№;V ipf - - inf - -;№
30142;;не;Ќ≈;PART;;;другие € говорить _не_ буду , они;е;н;;;;;PART;Ќ≈;PART;≈
30143;;буду;Ѕџ“№;V ipf praes sg indic - 1p;;;€ говорить не _буду_ , они не;у;д;у;б;;;V;Ѕџ“№;V ipf praes sg indic - 1p;№
30144;;,;,;PUNCT;;;;;;;;;;PUNCT;;;
30145;;они;ќЌ»;SPRO pl - - nom;;;не буду , _они_ не Е неприличные;и;н;о;;;;SPRO;ќЌ»;SPRO pl - - nom;»
30146;;не;Ќ≈;PART;;;буду , они _не_ Е неприличные .;е;н;;;;;PART;Ќ≈;PART;≈
30147;;Е;Е;PUNCT;;;;;;;;;;PUNCT;;;
30148;;неприличные;Ќ≈ѕ–»Ћ»„Ќџ…;A - nom pl plen - -;;;они не Е _неприличные_ .;е;ы;н;ч;и;л;A;Ќ≈ѕ–»Ћ»„Ќџ…;A - nom pl plen - -;…
30149;;.;.;PUNCT;;;;;;;;;;PUNCT;;;
30150;;;;;;;;;;;;;;;;;
30151;# sent = 2298;;;;;;;;;;;;;;;;
30152;;¬от;¬ќ“;PART;;;. _¬от_ .;т;о;в;;;;PART;¬ќ“;PART;“
30153;;.;.;PUNCT;;;;;;;;;;PUNCT;;;
30154;;;;;;;;;;;;;;;;;
30155;# sent = 2299;;;;;;;;;;;;;;;;
30156;;ј;ј;CONJ;;;. _ј_ в чем смысл;а;;;;;;CONJ;ј;CONJ;ј
30157;;в;¬;PR;;;ј _в_ чем смысл -;в;;;;;;PR;¬;PR;¬
30158;;чем;„≈ћ;CONJ;;;ј в _чем_ смысл - то;м;е;ч;;;;CONJ;„≈ћ;CONJ;ћ
30159;;смысл;—ћџ—Ћ;S m inan nom sg;;;ј в чем _смысл_ - то был;л;с;ы;м;с;;S;—ћџ—Ћ;S m inan acc sg;Ћ
30160;;-;-;PUNCT;;;;;;;;;;PUNCT;;;
30161;;то;“ќ;PART;;;чем смысл - _то_ был ?;о;т;;;;;PART;“ќ;NONLEX;ќ
30162;;был;Ѕџ“№;V ipf praet sg indic m -;;;смысл - то _был_ ?;л;ы;б;;;;V;Ѕџ“№;V ipf praet sg indic m -;№
30163;;?;?;PUNCT;;;;;;;;;;PUNCT;;;
30164;;;;;;;;;;;;;;;;;
30165;# sent = 2300;;;;;;;;;;;;;;;;
30166;# speaker = я;;;;;;;;;;;;;;;;
30167;# sent = 2301;;;;;;;;;;;;;;;;
30168;;Ќу;Ќ”;PART;;;_Ќу_ , типа это;у;н;;;;;PART;Ќ”;PART;”
30169;;,;,;PUNCT;;;;;;;;;;PUNCT;;;
30170;;типа;“»ѕј;PART;;;Ќу , _типа_ это видео называетс€;а;п;и;т;;;PART;“»ѕј;PART;ј
30171;;это;Ё“ќ;APRO - nom sg plen n -;;;Ќу , типа _это_ видео называетс€ :;о;т;э;;;;SPRO;Ё“ќ;S n - nom sg;ќ
30172;;видео;¬»ƒ≈ќ;S n inan nom sg;;;, типа это _видео_ называетс€ : Ђ;о;е;д;и;в;;S;¬»ƒ≈ќ;S n inan nonflex -;ќ
30173;;называетс€;Ќј«џ¬ј“№—я;V ipf praes sg indic - 3p;;;типа это видео _называетс€_ : Ђ  ак;€;с;т;е;а;в;V;Ќј«џ¬ј“№—я;V ipf praes sg indic - 3p;я
30174;;:;:;PUNCT;;;;;;;;;;PUNCT;;;
30175;;Ђ;Ђ;PUNCT;;;;;;;;;;PUNCT;;;
30176;; ак; ј ;ADV;;;называетс€ : Ђ _ ак_ Е ї ,;к;а;к;;;;PART; ј ;PART; 
30177;;Е;Е;PUNCT;;;;;;;;;;PUNCT;;;
30178;;ї;ї;PUNCT;;;;;;;;;;PUNCT;;;
30179;;,;,;PUNCT;;;;;;;;;;PUNCT;;;
30180;;эээ;ЁЁЁ;NONLEX;;;Е ї , _эээ_ ...;э;э;э;;;;NONLEX;ЁЁЁ;NONLEX;Ё
30181;;...;...;PUNCT;;;;;;;;;;PUNCT;;;
30182;;;;;;;;;;;;;;;;;
30183;# sent = 2302;;;;;;;;;;;;;;;;
30184;# speaker = ƒ;;;;;;;;;;;;;;;;
30185;# sent = 2303;;;;;;;;;;;;;;;;
30186;;Ђ;Ђ;PUNCT;;;;;;;;;;PUNCT;;;
30187;; ак; ј ;ADV -;;;Ђ _ ак_ ...;к;а;к;;;;ADV; ј ;ADV -; 
30188;;...;...;PUNCT;;;;;;;;;;PUNCT;;;
30189;;;;;;;;;;;;;;;;;
30190;# sent = 2304;;;;;;;;;;;;;;;;
30191;;ї;ї;PUNCT;;;;;;;;;;PUNCT;;;
30192;;,;,;PUNCT;;;;;;;;;;PUNCT;;;
30193;;да;ƒј;PART;;;ї , _да_ , € пон€л;а;д;;;;;PART;ƒј;PART;ј
30194;;,;,;PUNCT;;;;;;;;;;PUNCT;;;
30195;;€;я;SPRO sg 1p - nom;;;, да , _€_ пон€л Ђ  ак;€;;;;;;SPRO;я;SPRO sg 1p - nom;я
30196;;пон€л;ѕќЌя“№;V pf praet sg indic m -;;;да , € _пон€л_ Ђ  ак ..;л;€;н;о;п;;V;ѕќЌя“№;V pf praet sg indic m -;№
30197;;Ђ;Ђ;PUNCT;;;;;;;;;;PUNCT;;;
30198;; ак; ј ;ADV -;;;€ пон€л Ђ _ ак_ .. ї;к;а;к;;;;ADV; ј ;ADV -; 
30199;;..;..;PUNCT;;;;;;;;;;PUNCT;;;
30200;;ї;ї;PUNCT;;;;;;;;;;PUNCT;;;
30201;;;;;;;;;;;;;;;;;
30202;# sent = 2305;;;;;;;;;;;;;;;;
30203;;Ђ;Ђ;PUNCT;;;;;;;;;;PUNCT;;;
30204;; ак; ј ;ADV -;;;Ђ _ ак_ ...;к;а;к;;;;ADV; ј ;ADV -; 
30205;;...;...;PUNCT;;;;;;;;;;PUNCT;;;
30206;;;;;;;;;;;;;;;;;
30207;# sent = 2306;;;;;;;;;;;;;;;;
30208;;ї;ї;PUNCT;;;;;;;;;;PUNCT;;;
30209;;,;,;PUNCT;;;;;;;;;;PUNCT;;;
30210;;эээ;ЁЁЁ;NONLEX;;;ї , _эээ_ Е;э;э;э;;;;NONLEX;ЁЁЁ;NONLEX;Ё
30211;;Е;Е;PUNCT;;;;;;;;;;PUNCT;;;
30212;;;;;;;;;;;;;;;;;
30213;# sent = 2307;;;;;;;;;;;;;;;;
30214;;Ђ;Ђ...;PUNCT;;;;;;;;;;PUNCT;;;
30215;;...;...;PUNCT;;;;;;;;;;PUNCT;;;
30216;;английский;јЌ√Ћ»…— »…;A - nom sg plen m -;;;Ђ ... _английский_ звучит дл€ не;й;и;к;с;й;и;A;јЌ√Ћ»…— »…;A - nom sg plen m -;…
30217;;звучит;«¬”„ј“№;V ipf praes sg indic - 3p;;;Ђ ... английский _звучит_ дл€ не -;т;и;ч;у;в;з;V;«¬”„ј“№;V ipf praes sg indic - 3p;№
30218;;дл€;ƒЋя;PR;;;... английский звучит _дл€_ не - английских;€;л;д;;;;PR;ƒЋя;PR;я
30219;;не;Ќ≈;PART;;;английский звучит дл€ _не_ - английских;е;н;;;;;PART;Ќ≈;PART;≈
30220;;-;-;PUNCT;;;;;;;;;;PUNCT;;;
30221;;английских;јЌ√Ћ»…— »…;A - gen pl plen - -;;;дл€ не - _английских_ ...;х;и;к;с;й;и;A;јЌ√Ћ»…— »…;A - gen pl plen - -;…
30222;<noindex>[нрзб]</noindex>;;;;;;;;;;;;;;;;
30223;;...;...;PUNCT;;;;;;;;;;PUNCT;;;
30224;;;;;;;;;;;;;;;;;
30225;# sent = 2308;;;;;;;;;;;;;;;;
30226;;ї;ї;PUNCT;;;;;;;;;;PUNCT;;;
30227;;;;;;;;;;;;;;;;;
30228;# sent = 2309;;;;;;;;;;;;;;;;
30229;# speaker = я;;;;;;;;;;;;;;;;
30230;# sent = 2310;;;;;;;;;;;;;;;;
30231;;я;я;SPRO sg 1p - nom;;;_я_ так пон€л ,;€;;;;;;SPRO;я;SPRO sg 1p - nom;я
30232;;так;“ј ;ADV -;;;я _так_ пон€л , просто;к;а;т;;;;ADV;“ј ;ADV -; 
30233;;пон€л;ѕќЌя“№;V pf praet sg indic m -;;;я так _пон€л_ , просто людей;л;€;н;о;п;;V;ѕќЌя“№;V pf praet sg indic m -;№
30234;;,;,;PUNCT;;;;;;;;;;PUNCT;;;
30235;;просто;ѕ–ќ—“ќ;PART;;;так пон€л , _просто_ людей , которые;о;т;с;о;р;п;PART;ѕ–ќ—“ќ;PART;ќ
30236;;людей;„≈Ћќ¬≈ ;S m anim acc pl;;;пон€л , просто _людей_ , которые не;й;е;д;ю;л;;S;„≈Ћќ¬≈ ;S m anim acc pl; 
30237;;,;,;PUNCT;;;;;;;;;;PUNCT;;;
30238;;которые; ќ“ќ–џ…;APRO - nom pl plen - -;;;просто людей , _которые_ не говор€т по-английски;е;ы;р;о;т;о;APRO; ќ“ќ–џ…;A - nom pl plen - -;…
30239;;не;Ќ≈;PART;;;людей , которые _не_ говор€т по-английски ,;е;н;;;;;PART;Ќ≈;PART;≈
30240;;говор€т;√ќ¬ќ–»“№;V ipf praes pl indic - 3p;;;, которые не _говор€т_ по-английски , попросили;т;€;р;о;в;о;V;√ќ¬ќ–»“№;V ipf praes pl indic - 3p;№
30241;;по-английски;ѕќ-јЌ√Ћ»…— »;ADV -;;;которые не говор€т _по-английски_ , попросили ,;и;к;с;й;и;л;ADV;ѕќ-јЌ√Ћ»…— »;ADV -;»
30242;;,;,;PUNCT;;;;;;;;;;PUNCT;;;
30243;;попросили;ѕќѕ–ќ—»“№;V pf praet pl indic - -;;;говор€т по-английски , _попросили_ , эээ ,;и;л;и;с;о;р;V;ѕќѕ–ќ—»“№;V pf praet pl indic - -;№
30244;;,;,;PUNCT;;;;;;;;;;PUNCT;;;
30245;;эээ;ЁЁЁ;NONLEX;;;, попросили , _эээ_ , изобразить английский;э;э;э;;;;NONLEX;ЁЁЁ;NONLEX;Ё
30246;;,;,;PUNCT;;;;;;;;;;PUNCT;;;
30247;;изобразить;»«ќЅ–ј«»“№;V pf - - inf - -;;;, эээ , _изобразить_ английский в какой-то;ь;т;и;з;а;р;V;»«ќЅ–ј«»“№;V pf - - inf - -;№
30248;;английский;јЌ√Ћ»…— »…;A - acc sg plen m inan;;;эээ , изобразить _английский_ в какой-то сцене;й;и;к;с;й;и;A;јЌ√Ћ»…— »…;A - acc sg plen m inan;…
30249;;в;¬;PR;;;, изобразить английский _в_ какой-то сцене .;в;;;;;;PR;¬;PR;¬
30250;;какой-то; ј ќ…-“ќ;APRO - loc sg plen f -;;;изобразить английский в _какой-то_ сцене .;о;т;-;й;о;к;APRO; ј ќ…-“ќ;A - loc sg plen f -;ќ
30251;;сцене;—÷≈Ќј;S f inan loc sg;;;английский в какой-то _сцене_ .;е;н;е;ц;с;;S;—÷≈Ќј;S f inan loc sg;ј
30252;;.;.;PUNCT;;;;;;;;;;PUNCT;;;
30253;;;;;;;;;;;;;;;;;
30254;# sent = 2311;;;;;;;;;;;;;;;;
30255;;“ипа;“»ѕј;PART;;;. _“ипа_ , то есть Е;а;п;и;т;;;PART;“»ѕј;PART;ј
30256;;,;,;PUNCT;;;;;;;;;;PUNCT;;;
30257;;то есть;то есть;CONJ;;;“ипа , _то есть_ Е;ь;т;с;е;;о;CONJ;то есть;ADV -;ь
30258;;Е;Е;PUNCT;;;;;;;;;;PUNCT;;;
30259;;;;;;;;;;;;;;;;;
30260;# sent = 2312;;;;;;;;;;;;;;;;
30261;# speaker = ƒ;;;;;;;;;;;;;;;;
30262;# sent = 2313;;;;;;;;;;;;;;;;
30263;;ј;ј;PART;;;_ј_ Е;а;;;;;;PART;ј;PART;ј
30264;;Е;Е;PUNCT;;;;;;;;;;PUNCT;;;
30265;;;;;;;;;;;;;;;;;
30266;# sent = 2314;;;;;;;;;;;;;;;;
30267;;¬;¬;PR;;;Е _¬_ чем смысл сцены;в;;;;;;PR;¬;PR;¬
30268;;чем;„“ќ;SPRO n inan loc sg;;;¬ _чем_ смысл сцены -;м;е;ч;;;;CONJ;„≈ћ;CONJ;ћ
30269;;смысл;—ћџ—Ћ;S m inan nom sg;;;¬ чем _смысл_ сцены - то;л;с;ы;м;с;;S;—ћџ—Ћ;S m inan acc sg;Ћ
30270;;сцены;—÷≈Ќј;S f inan gen sg;;;¬ чем смысл _сцены_ - то м;ы;н;е;ц;с;;S;—÷≈Ќј;S f inan gen sg;ј
30271;;-;-;PUNCT;;;;;;;;;;PUNCT;;;
30272;;то;“ќ;PART;;;смысл сцены - _то_ м Е можно;о;т;;;;;PART;“ќ;CONJ;ќ
30273;;м;ћ;NONLEX;;;сцены - то _м_ Е можно пон€ть;м;;;;;;INTJ;ћ;S - - nonflex -;ћ
30274;;Е;Е;PUNCT;;;;;;;;;;PUNCT;;;
30275;;можно;ћќ∆Ќќ;PRAEDIC;;;то м Е _можно_ пон€ть хот€ бы ,;о;н;ж;о;м;;PRAEDIC;ћќ∆Ќќ;PRAEDIC;ќ
30276;;пон€ть;ѕќЌя“№;V pf - - inf - -;;;м Е можно _пон€ть_ хот€ бы , а то;ь;т;€;н;о;п;V;ѕќЌя“№;V pf - - inf - -;№
30277;;хот€ бы;хот€ бы;ADV -;;;Е можно пон€ть _хот€ бы_ , а то €;ы;б;;€;т;о;ADV;хот€ бы;ADV -;ы
30278;;,;,;PUNCT;;;;;;;;;;PUNCT;;;
30279;;а то;а то;CONJ;;;пон€ть хот€ бы , _а то_ € вот не;о;т;;а;;;CONJ;а то;CONJ;о
30280;;€;я;SPRO sg 1p - nom;;;хот€ бы , а то _€_ вот не пон€л;€;;;;;;SPRO;я;SPRO sg 1p - nom;я
30281;;вот;¬ќ“;PART;;;, а то € _вот_ не пон€л .;т;о;в;;;;PART;¬ќ“;PART;“
30282;;не;Ќ≈;PART;;;а то € вот _не_ пон€л .;е;н;;;;;PART;Ќ≈;PART;≈
30283;;пон€л;ѕќЌя“№;V pf praet sg indic m -;;;€ вот не _пон€л_ .;л;€;н;о;п;;V;ѕќЌя“№;V pf praet sg indic m -;№
30284;;.;.;PUNCT;;;;;;;;;;PUNCT;;;
30285;;;;;;;;;;;;;;;;;
30286;# sent = 2315;;;;;;;;;;;;;;;;
30287;# speaker = я;;;;;;;;;;;;;;;;
30288;# sent = 2316;;;;;;;;;;;;;;;;
30289;;я;я;SPRO sg 1p - nom;;;_я_ не знаю .;€;;;;;;SPRO;я;SPRO sg 1p - nom;я
30290;;не;Ќ≈;PART;;;я _не_ знаю .;е;н;;;;;PART;Ќ≈;PART;≈
30291;;знаю;«Ќј“№;V ipf praes sg indic - 1p;;;я не _знаю_ .;ю;а;н;з;;;V;«Ќј“№;V ipf praes sg indic - 1p;№
30292;;.;.;PUNCT;;;;;;;;;;PUNCT;;;
30293;;;;;;;;;;;;;;;;;
30294;# sent = 2317;;;;;;;;;;;;;;;;
30295;;ћне;я;SPRO sg 1p - dat;;;. _ћне_ показалось , что;е;н;м;;;;SPRO;я;SPRO sg 1p - dat;я
30296;;показалось;ѕќ ј«ј“№—я;V pf praet sg indic n -;;;ћне _показалось_ , что ,;ь;с;о;л;а;з;V;ѕќ ј«ј“№—я;V pf praet sg indic n -;я
30297;;,;,;PUNCT;;;;;;;;;;PUNCT;;;
30298;;что;„“ќ;CONJ;;;ћне показалось , _что_ , типа ,;о;т;ч;;;;CONJ;„“ќ;CONJ;ќ
30299;;,;,;PUNCT;;;;;;;;;;PUNCT;;;
30300;;типа;“»ѕј;PART;;;, что , _типа_ , он приходит;а;п;и;т;;;PART;“»ѕј;PART;ј
30301;;,;,;PUNCT;;;;;;;;;;PUNCT;;;
30302;;он;ќЌ;SPRO sg 3p m nom;;;, типа , _он_ приходит утром к;н;о;;;;;SPRO;ќЌ;SPRO sg 3p m nom;Ќ
30303;;приходит;ѕ–»’ќƒ»“№;V ipf praes sg indic - 3p;;;типа , он _приходит_ утром к ней;т;и;д;о;х;и;V;ѕ–»’ќƒ»“№;V ipf praes sg indic - 3p;№
30304;;утром;”“–ќћ;ADV -;;;, он приходит _утром_ к ней ,;м;о;р;т;у;;S;”“–ќ;S n inan ins sg;ќ
30305;;к; ;PR;;;он приходит утром _к_ ней , говорит;к;;;;;;PR; ;PR; 
30306;;ней;ќЌј;SPRO sg 3p f dat;;;приходит утром к _ней_ , говорит ,;й;е;н;;;;SPRO;ќЌј;SPRO sg 3p f loc;ј
30307;;,;,;PUNCT;;;;;;;;;;PUNCT;;;
30308;;говорит;√ќ¬ќ–»“№;V ipf praes sg indic - 3p;;;к ней , _говорит_ , что Е;т;и;р;о;в;о;V;√ќ¬ќ–»“№;V ipf praes sg indic - 3p;№
30309;;,;,;PUNCT;;;;;;;;;;PUNCT;;;
30310;;что;„“ќ;CONJ;;;, говорит , _что_ Е;о;т;ч;;;;CONJ;„“ќ;S n inan acc sg;ќ
30311;;Е;Е;PUNCT;;;;;;;;;;PUNCT;;;
30312;;;;;;;;;;;;;;;;;
30313;# sent = 2318;;;;;;;;;;;;;;;;
30314;;»;»;CONJ;;;Е _»_ , короче ,;и;;;;;;CONJ;»;CONJ;»
30315;;,;,;PUNCT;;;;;;;;;;PUNCT;;;
30316;;короче; ќ–ќ“ »…;ADV comp;;;» , _короче_ , в какой-то;е;ч;о;р;о;к;A; ќ–ќ“ »…;A comp - - plen - -;…
30317;;,;,;PUNCT;;;;;;;;;;PUNCT;;;
30318;;в;¬;PR;;;, короче , _в_ какой-то момент он;в;;;;;;PR;¬;PR;¬
30319;;какой-то; ј ќ…-“ќ;APRO - acc sg plen m inan;;;короче , в _какой-то_ момент он сказал;о;т;-;й;о;к;APRO; ј ќ…-“ќ;A - acc sg plen m inan;ќ
30320;;момент;ћќћ≈Ќ“;S m inan acc sg;;;, в какой-то _момент_ он сказал ,;т;н;е;м;о;м;S;ћќћ≈Ќ“;S m inan acc sg;“
30321;;он;ќЌ;SPRO sg 3p m nom;;;в какой-то момент _он_ сказал , что;н;о;;;;;SPRO;ќЌ;SPRO sg 3p m nom;Ќ
30322;;сказал;— ј«ј“№;V pf praet sg indic m -;;;какой-то момент он _сказал_ , что ,;л;а;з;а;к;с;V;— ј«ј“№;V pf praet sg indic m -;№
30323;;,;,;PUNCT;;;;;;;;;;PUNCT;;;
30324;;что;„“ќ;CONJ;;;он сказал , _что_ , типа :;о;т;ч;;;;CONJ;„“ќ;CONJ;ќ
30325;;,;,;PUNCT;;;;;;;;;;PUNCT;;;
30326;;типа;“»ѕј;PART;;;, что , _типа_ : Ђ ј;а;п;и;т;;;PART;“»ѕј;PART;ј
30327;;:;:;PUNCT;;;;;;;;;;PUNCT;;;
30328;;Ђ;Ђ;PUNCT;;;;;;;;;;PUNCT;;;
30329;;ј;ј;CONJ;;;типа : Ђ _ј_ где мой подарок;а;;;;;;CONJ;ј;CONJ;ј
30330;;где;√ƒ≈;ADV -;;;: Ђ ј _где_ мой подарок ?;е;д;г;;;;ADV;√ƒ≈;ADV -;≈
30331;;мой;ћќ…;APRO - nom sg plen m -;;;Ђ ј где _мой_ подарок ? ї;й;о;м;;;;APRO;ћќ…;A - nom sg plen m -;…
30332;;подарок;ѕќƒј–ќ ;S m inan nom sg;;;ј где мой _подарок_ ? ї .;к;о;р;а;д;о;S;ѕќƒј–ќ ;S m inan nom sg; 
30333;;?;?;PUNCT;;;;;;;;;;PUNCT;;;
30334;;ї;ї;PUNCT;;;;;;;;;;PUNCT;;;
30335;;.;.;PUNCT;;;;;;;;;;PUNCT;;;
30336;;;;;;;;;;;;;;;;;
30337;# sent = 2319;;;;;;;;;;;;;;;;
30338;;ј;ј;CONJ;;;. _ј_ она на него;а;;;;;;CONJ;ј;CONJ;ј
30339;;она;ќЌј;SPRO sg 3p f nom;;;ј _она_ на него обижаетс€;а;н;о;;;;SPRO;ќЌј;SPRO sg 3p f nom;ј
30340;;на;Ќј;PR;;;ј она _на_ него обижаетс€ ,;а;н;;;;;PR;Ќј;PR;ј
30341;;него;ќЌ;SPRO sg 3p m acc;;;ј она на _него_ обижаетс€ , потому что;о;г;е;н;;;SPRO;ќЌ;SPRO sg 3p m acc;Ќ
30342;;обижаетс€;ќЅ»∆ј“№—я;V ipf praes sg indic - 3p;;;она на него _обижаетс€_ , потому что она;€;с;т;е;а;ж;V;ќЅ»∆ј“№—я;V ipf praes sg indic - 3p;я
30343;;,;,;PUNCT;;;;;;;;;;PUNCT;;;
30344;;потому что;потому что;CONJ;;;него обижаетс€ , _потому что_ она готовила ему;о;т;ч;;у;м;CONJ;потому что;CONJ;о
30345;;она;ќЌј;SPRO sg 3p f nom;;;обижаетс€ , потому что _она_ готовила ему сюрприз;а;н;о;;;;SPRO;ќЌј;SPRO sg 3p f nom;ј
30346;;готовила;√ќ“ќ¬»“№;V ipf praet sg indic f -;;;, потому что она _готовила_ ему сюрприз ,;а;л;и;в;о;т;V;√ќ“ќ¬»“№;V ipf praet sg indic f -;№
30347;;ему;ќЌ;SPRO sg 3p m dat;;;потому что она готовила _ему_ сюрприз , но;у;м;е;;;;SPRO;ќЌ;SPRO sg 3p m dat;Ќ
30348;;сюрприз;—ё–ѕ–»«;S m inan acc sg;;;она готовила ему _сюрприз_ , но это;з;и;р;п;р;ю;S;—ё–ѕ–»«;S m inan nom sg;«
30349;;,;,;PUNCT;;;;;;;;;;PUNCT;;;
30350;;но;Ќќ;CONJ;;;ему сюрприз , _но_ это как Е;о;н;;;;;CONJ;Ќќ;CONJ;ќ
30351;;это;Ё“ќ;SPRO n - nom sg;;;сюрприз , но _это_ как Е как;о;т;э;;;;SPRO;Ё“ќ;S n - nom sg;ќ
30352;;как; ј ;CONJ;;;, но это _как_ Е как мне;к;а;к;;;;ADV; ј ;ADV -; 
30353;;Е;Е;PUNCT;;;;;;;;;;PUNCT;;;
30354;;как; ј ;CONJ;;;это как Е _как_ мне показалось ,;к;а;к;;;;CONJ; ј ;CONJ; 
30355;;мне;я;SPRO sg 1p - dat;;;как Е как _мне_ показалось , и;е;н;м;;;;SPRO;я;SPRO sg 1p - dat;я
30356;;показалось;ѕќ ј«ј“№—я;V pf praet sg indic n -;;;Е как мне _показалось_ , и выходит;ь;с;о;л;а;з;V;ѕќ ј«ј“№—я;V pf praet sg indic n -;я
30357;;,;,;PUNCT;;;;;;;;;;PUNCT;;;
30358;;и;»;CONJ;;;мне показалось , _и_ выходит и така€;и;;;;;;CONJ;»;CONJ;»
30359;;выходит;¬џ’ќƒ»“№;V ipf praes sg indic - 3p;;;показалось , и _выходит_ и така€ ,;т;и;д;о;х;ы;V;¬џ’ќƒ»“№;V ipf praes sg indic - 3p;№
30360;;и;»;CONJ;;;, и выходит _и_ така€ , типа;и;;;;;;CONJ;»;CONJ;»
30361;;така€;“ј ќ…;APRO - nom sg plen f -;;;и выходит и _така€_ , типа :;€;а;к;а;т;;APRO;“ј ќ…;A - nom sg plen f -;…
30362;;,;,;PUNCT;;;;;;;;;;PUNCT;;;
30363;;типа;“»ѕј;PART;;;и така€ , _типа_ : Ђ Fucking;а;п;и;т;;;PART;“»ѕј;PART;ј
30364;;:;:;PUNCT;;;;;;;;;;PUNCT;;;
30365;;Ђ;Ђ;PUNCT;;;;;;;;;;PUNCT;;;
30366;;Fucking;FUCKING;NONLEX;;;типа : Ђ _Fucking_ asshole ї .;g;n;i;k;c;u;NONLEX;FUCKING;NONLEX;G
30367;;asshole;ASSHOLE;NONLEX;;;: Ђ Fucking _asshole_ ї .;e;l;o;h;s;s;NONLEX;ASSHOLE;NONLEX;E
30368;;ї;ї;PUNCT;;;;;;;;;;PUNCT;;;
30369;;.;.;PUNCT;;;;;;;;;;PUNCT;;;
30370;;;;;;;;;;;;;;;;;
30371;# sent = 2320;;;;;;;;;;;;;;;;
30372;;»ли;»Ћ»;CONJ;;;. _»ли_ что там было;и;л;и;;;;CONJ;»Ћ»;CONJ;»
30373;;что;„“ќ;SPRO n inan nom sg;;;»ли _что_ там было Е;о;т;ч;;;;CONJ;„“ќ;CONJ;ќ
30374;;там;“јћ;ADV -;;;»ли что _там_ было Е;м;а;т;;;;ADV;“јћ;ADV -;ћ
30375;;было;Ѕџ“№;V ipf praet sg indic n -;;;»ли что там _было_ Е;о;л;ы;б;;;V;Ѕџ“№;V ipf praet sg indic n -;№
30376;;Е;Е;PUNCT;;;;;;;;;;PUNCT;;;
30377;;;;;;;;;;;;;;;;;
30378;# sent = 2321;;;;;;;;;;;;;;;;
30379;# speaker = ƒ;;;;;;;;;;;;;;;;
30380;# sent = 2322;;;;;;;;;;;;;;;;
30381;;Ђ;Ђ;PUNCT;;;;;;;;;;PUNCT;;;
30382;;Shut;SHUT;NONLEX;;;Ђ _Shut_ up ї .;t;u;h;s;;;NONLEX;SHUT;NONLEX;T
30383;;up;UP;NONLEX;;;Ђ Shut _up_ ї .;p;u;;;;;NONLEX;UP;NONLEX;P
30384;;ї;ї;PUNCT;;;;;;;;;;PUNCT;;;
30385;;.;.;PUNCT;;;;;;;;;;PUNCT;;;
30386;;;;;;;;;;;;;;;;;
30387;# sent = 2323;;;;;;;;;;;;;;;;
30388;# speaker = я;;;;;;;;;;;;;;;;
30389;# sent = 2324;;;;;;;;;;;;;;;;
30390;;Ђ;Ђ;PUNCT;;;;;;;;;;PUNCT;;;
30391;;Shut;SHUT;NONLEX;;;Ђ _Shut_ up ї .;t;u;h;s;;;NONLEX;SHUT;NONLEX;T
30392;;up;UP;NONLEX;;;Ђ Shut _up_ ї .;p;u;;;;;NONLEX;UP;NONLEX;P
30393;;ї;ї;PUNCT;;;;;;;;;;PUNCT;;;
30394;;.;.;PUNCT;;;;;;;;;;PUNCT;;;
30395;;;;;;;;;;;;;;;;;
30396;# sent = 2325;;;;;;;;;;;;;;;;
30397;# speaker = ƒ;;;;;;;;;;;;;;;;
30398;# sent = 2326;;;;;;;;;;;;;;;;
30399;;¬се;¬≈—№;APRO - nom sg plen n -;;;_¬се_ .;е;с;в;;;;S;¬—≈;S - - acc pl;≈
30400;;.;.;PUNCT;;;;;;;;;;PUNCT;;;
30401;;;;;;;;;;;;;;;;;
30402;# sent = 2327;;;;;;;;;;;;;;;;
30403;# speaker = я;;;;;;;;;;;;;;;;
30404;# sent = 2328;;;;;;;;;;;;;;;;
30405;;Ёээ;ЁЁЁ;NONLEX;;;_Ёээ_ Е;э;э;э;;;;NONLEX;ЁЁЁ;NONLEX;Ё
30406;;Е;Е;PUNCT;;;;;;;;;;PUNCT;;;
30407;;;;;;;;;;;;;;;;;
30408;# sent = 2329;;;;;;;;;;;;;;;;
30409;;ƒавай;ƒј¬ј“№;V ipf - sg imper - 2p;;;Е _ƒавай_ , дог Е;й;а;в;а;д;;V;ƒј¬ј“№;V ipf - sg imper - 2p;№
30410;;,;,;PUNCT;;;;;;;;;;PUNCT;;;
30411;;дог;ƒќ√;NONLEX;;;ƒавай , _дог_ Е еще нужно;г;о;д;;;;S;ƒќ√;S m anim nom sg;√
30412;;Е;Е;PUNCT;;;;;;;;;;PUNCT;;;
30413;;еще;≈ў≈;ADV -;;;, дог Е _еще_ нужно договорить двадцать;е;щ;е;;;;ADV;≈ў≈;ADV -;≈
30414;;нужно;Ќ”∆Ќќ;PRAEDIC;;;дог Е еще _нужно_ договорить двадцать секунд;о;н;ж;у;н;;PRAEDIC;Ќ”∆Ќќ;ADV -;ќ
30415;;договорить;ƒќ√ќ¬ќ–»“№;V pf - - inf - -;;;Е еще нужно _договорить_ двадцать секунд .;ь;т;и;р;о;в;V;ƒќ√ќ¬ќ–»“№;V pf - - inf - -;№
30416;;двадцать;ƒ¬јƒ÷ј“№;NUM acc - -;;;еще нужно договорить _двадцать_ секунд .;ь;т;а;ц;д;а;NUM;ƒ¬јƒ÷ј“№;NUM acc - -;№
30417;;секунд;—≈ ”Ќƒј;S f inan gen pl;;;нужно договорить двадцать _секунд_ .;д;н;у;к;е;с;S;—≈ ”Ќƒј;S f inan gen pl;ј
30418;;.;.;PUNCT;;;;;;;;;;PUNCT;;;
30419;;;;;;;;;;;;;;;;;
30420;# sent = 2330;;;;;;;;;;;;;;;;
30421;# speaker = ƒ;;;;;;;;;;;;;;;;
30422;# sent = 2331;;;;;;;;;;;;;;;;
30423;;Ёээ;ЁЁЁ;NONLEX;;;_Ёээ_ Е;э;э;э;;;;NONLEX;ЁЁЁ;NONLEX;Ё
30424;;Е;Е;PUNCT;;;;;;;;;;PUNCT;;;
30425;;;;;;;;;;;;;;;;;
30426;# sent = 2332;;;;;;;;;;;;;;;;
30427;;ƒвадцать;ƒ¬јƒ÷ј“№;NUM acc - -;;;Е _ƒвадцать_ секунд чего ?;ь;т;а;ц;д;а;NUM;ƒ¬јƒ÷ј“№;NUM acc - -;№
30428;;секунд;—≈ ”Ќƒј;S f inan gen pl;;;ƒвадцать _секунд_ чего ?;д;н;у;к;е;с;S;—≈ ”Ќƒј;S f inan gen pl;ј
30429;;чего;„“ќ;SPRO n inan gen sg;;;ƒвадцать секунд _чего_ ?;о;г;е;ч;;;SPRO;„“ќ;S n - gen sg;ќ
30430;;?;?;PUNCT;;;;;;;;;;PUNCT;;;
30431;;;;;;;;;;;;;;;;;
30432;# sent = 2333;;;;;;;;;;;;;;;;
30433;;Ќу;Ќ”;PART;;;? _Ќу_ , € могу;у;н;;;;;PART;Ќ”;PART;”
30434;;,;,;PUNCT;;;;;;;;;;PUNCT;;;
30435;;€;я;SPRO sg 1p - nom;;;Ќу , _€_ могу сказать ,;€;;;;;;SPRO;я;SPRO sg 1p - nom;я
30436;;могу;ћќ„№;V ipf praes sg indic - 1p;;;Ќу , € _могу_ сказать , что;у;г;о;м;;;V;ћќ„№;V ipf praes sg indic - 1p;№
30437;;сказать;— ј«ј“№;V pf - - inf - -;;;, € могу _сказать_ , что это;ь;т;а;з;а;к;V;— ј«ј“№;V pf - - inf - -;№
30438;;,;,;PUNCT;;;;;;;;;;PUNCT;;;
30439;;что;„“ќ;CONJ;;;могу сказать , _что_ это Е;о;т;ч;;;;CONJ;„“ќ;CONJ;ќ
30440;;это;Ё“ќ;SPRO n - nom sg;;;сказать , что _это_ Е;о;т;э;;;;SPRO;Ё“ќ;S n - nom sg;ќ
30441;;Е;Е;PUNCT;;;;;;;;;;PUNCT;;;
30442;;;;;;;;;;;;;;;;;
30443;# sent = 2334;;;;;;;;;;;;;;;;
30444;;–еально;–≈јЋ№Ќќ;ADV -;;;Е _–еально_ , у мен€;о;н;ь;л;а;е;ADV;–≈јЋ№Ќќ;ADV -;ќ
30445;;,;,;PUNCT;;;;;;;;;;PUNCT;;;
30446;;у;”;PR;;;–еально , _у_ мен€ возникало непон€тное;у;;;;;;PR;”;PR;”
30447;;мен€;я;SPRO sg 1p - gen;;;–еально , у _мен€_ возникало непон€тное ощущение;€;н;е;м;;;SPRO;я;SPRO sg 1p - acc;я
30448;;возникало;¬ќ«Ќ» ј“№;V ipf praet sg indic n -;;;, у мен€ _возникало_ непон€тное ощущение ,;о;л;а;к;и;н;V;¬ќ«Ќ» ј“№;V ipf praet sg indic n -;№
30449;;непон€тное;Ќ≈ѕќЌя“Ќџ…;A - nom sg plen n -;;;у мен€ возникало _непон€тное_ ощущение , €;е;о;н;т;€;н;A;Ќ≈ѕќЌя“Ќџ…;A - nom sg plen n -;…
30450;;ощущение;ќў”ў≈Ќ»≈;S n inan nom sg;;;мен€ возникало непон€тное _ощущение_ , € не;е;и;н;е;щ;у;S;ќў”ў≈Ќ»≈;S n inan nom sg;≈
30451;;,;,;PUNCT;;;;;;;;;;PUNCT;;;
30452;;€;я;SPRO sg 1p - nom;;;непон€тное ощущение , _€_ не мог пон€ть;€;;;;;;SPRO;я;SPRO sg 1p - nom;я
30453;;не;Ќ≈;PART;;;ощущение , € _не_ мог пон€ть ,;е;н;;;;;PART;Ќ≈;PART;≈
30454;;мог;ћќ„№;V ipf praet sg indic m -;;;, € не _мог_ пон€ть , это;г;о;м;;;;V;ћќ„№;V ipf praet sg indic m -;№
30455;;пон€ть;ѕќЌя“№;V pf - - inf - -;;;€ не мог _пон€ть_ , это английский;ь;т;€;н;о;п;V;ѕќЌя“№;V pf - - inf - -;№
30456;;,;,;PUNCT;;;;;;;;;;PUNCT;;;
30457;;это;Ё“ќ;SPRO n - nom sg;;;мог пон€ть , _это_ английский или не;о;т;э;;;;SPRO;Ё“ќ;S n - nom sg;ќ
30458;;английский;јЌ√Ћ»…— »…;A - nom sg plen m -;;;пон€ть , это _английский_ или не английский;й;и;к;с;й;и;A;јЌ√Ћ»…— »…;A - nom sg plen m -;…
30459;;или;»Ћ»;CONJ;;;, это английский _или_ не английский ,;и;л;и;;;;CONJ;»Ћ»;CONJ;»
30460;;не;Ќ≈;PART;;;это английский или _не_ английский , и;е;н;;;;;PART;Ќ≈;PART;≈
30461;;английский;јЌ√Ћ»…— »…;A - nom sg plen m -;;;английский или не _английский_ , и Е;й;и;к;с;й;и;A;јЌ√Ћ»…— »…;A - nom sg plen m -;…
30462;;,;,;PUNCT;;;;;;;;;;PUNCT;;;
30463;;и;»;CONJ;;;не английский , _и_ Е вроде бы;и;;;;;;CONJ;»;CONJ;»
30464;;Е;Е;PUNCT;;;;;;;;;;PUNCT;;;
30465;;вроде;¬–ќƒ≈;PART;;;, и Е _вроде_ бы что-то знакомое;е;д;о;р;в;;PART;¬–ќƒ≈;PART;≈
30466;;бы;Ѕџ;PART;;;и Е вроде _бы_ что-то знакомое ,;ы;б;;;;;PART;Ѕџ;PART;џ
30467;;что-то;„“ќ-“ќ;SPRO n inan nom sg;;;Е вроде бы _что-то_ знакомое , а;о;т;-;о;т;ч;SPRO;„“ќ-“ќ;S n - nom sg;ќ
30468;;знакомое;«Ќј ќћџ…;A - nom sg plen n -;;;вроде бы что-то _знакомое_ , а в;е;о;м;о;к;а;A;«Ќј ќћџ…;A - nom sg plen n -;…
30469;;,;,;PUNCT;;;;;;;;;;PUNCT;;;
30470;;а;ј;CONJ;;;что-то знакомое , _а_ в другие моменты;а;;;;;;CONJ;ј;CONJ;ј
30471;;в;¬;PR;;;знакомое , а _в_ другие моменты просто;в;;;;;;PR;¬;PR;¬
30472;;другие;ƒ–”√ќ…;A - acc pl plen - inan;;;, а в _другие_ моменты просто кака€-то;е;и;г;у;р;д;A;ƒ–”√ќ…;A - acc pl plen - inan;…
30473;;моменты;ћќћ≈Ќ“;S m inan acc pl;;;а в другие _моменты_ просто кака€-то каша;ы;т;н;е;м;о;S;ћќћ≈Ќ“;S m inan acc pl;“
30474;;просто;ѕ–ќ—“ќ;PART;;;в другие моменты _просто_ кака€-то каша .;о;т;с;о;р;п;PART;ѕ–ќ—“ќ;PART;ќ
30475;;кака€-то; ј ќ…-“ќ;APRO - nom sg plen f -;;;другие моменты просто _кака€-то_ каша .;о;т;-;€;а;к;APRO; ј ќ…-“ќ;A - nom sg plen f -;ќ
30476;;каша; јЎј;S f inan nom sg;;;моменты просто кака€-то _каша_ .;а;ш;а;к;;;S; јЎј;S f inan nom sg;ј
30477;;.;.;PUNCT;;;;;;;;;;PUNCT;;;
30478;;;;;;;;;;;;;;;;;
30479;# sent = 2335;;;;;;;;;;;;;;;;
30480;;»;»;CONJ;;;. _»_ , вот ,;и;;;;;;CONJ;»;CONJ;»
30481;;,;,;PUNCT;;;;;;;;;;PUNCT;;;
30482;;вот;¬ќ“;PART;;;» , _вот_ , € не;т;о;в;;;;PART;¬ќ“;PART;“
30483;;,;,;PUNCT;;;;;;;;;;PUNCT;;;
30484;;€;я;SPRO sg 1p - nom;;;, вот , _€_ не мог пон€ть;€;;;;;;SPRO;я;SPRO sg 1p - nom;я
30485;;не;Ќ≈;PART;;;вот , € _не_ мог пон€ть поэтому;е;н;;;;;PART;Ќ≈;PART;≈
30486;;мог;ћќ„№;V ipf praet sg indic m -;;;, € не _мог_ пон€ть поэтому сюжет;г;о;м;;;;V;ћќ„№;V ipf praet sg indic m -;№
30487;;пон€ть;ѕќЌя“№;V pf - - inf - -;;;€ не мог _пон€ть_ поэтому сюжет .;ь;т;€;н;о;п;V;ѕќЌя“№;V pf - - inf - -;№
30488;;поэтому;ѕќЁ“ќћ”;ADV -;;;не мог пон€ть _поэтому_ сюжет .;у;м;о;т;э;о;ADV;ѕќЁ“ќћ”;ADV -;”
30489;;сюжет;—ё∆≈“;S m inan acc sg;;;мог пон€ть поэтому _сюжет_ .;т;е;ж;ю;с;;S;—ё∆≈“;S m inan nom sg;“
30490;;.;.;PUNCT;;;;;;;;;;PUNCT;;;
30491;;;;;;;;;;;;;;;;;
30492;# sent = 2336;;;;;;;;;;;;;;;;
30493;# speaker = я;;;;;;;;;;;;;;;;
30494;# sent = 2337;;;;;;;;;;;;;;;;
30495;;Ќа;Ќј;PR;;;_Ќа_ самом деле ,;а;н;;;;;PR;Ќј;PR;ј
30496;;самом;—јћџ…;A - loc sg plen n -;;;Ќа _самом_ деле ,;м;о;м;а;с;;A;—јћџ…;A - loc sg plen n -;…
30497;;деле;ƒ≈Ћќ;S n inan loc sg;;;Ќа самом _деле_ , жиза;е;л;е;д;;;S;ƒ≈Ћќ;S n inan loc sg;ќ
30498;;,;,;PUNCT;;;;;;;;;;PUNCT;;;
30499;"<distinct form=""";;;;;;;;;;;;;;;;
30500;<dist>;жиза;;;;;;;;;;;;;;;
30501;""">";;;;;;;;;;;;;;;;
30502;;жизненно;∆»«Ќ≈ЌЌќ;ADV -;;;жиза _жизненно_ .;о;н;н;е;н;з;ADV;∆»«Ќ≈ЌЌќ;ADV -;ќ
30503;</distinct>;;;;;;;;;;;;;;;;
30504;;.;.;PUNCT;;;;;;;;;;PUNCT;;;
30505;;;;;;;;;;;;;;;;;
30506;# sent = 2338;;;;;;;;;;;;;;;;
30507;# speaker = ƒ;;;;;;;;;;;;;;;;
30508;# sent = 2339;;;;;;;;;;;;;;;;
30509;;“о есть;“о есть;CONJ;;;_“о есть_ , мне кажетс€;ь;т;с;е;;о;CONJ;“о есть;ADV -;ь
30510;;,;,;PUNCT;;;;;;;;;;PUNCT;;;
30511;;мне;я;SPRO sg 1p - dat;;;“о есть , _мне_ кажетс€ , тут;е;н;м;;;;SPRO;я;SPRO sg 1p - dat;я
30512;;кажетс€; ј«ј“№—я;V ipf praes sg indic - 3p;;;“о есть , мне _кажетс€_ , тут нужно;€;с;т;е;ж;а;V; ј«ј“№—я;V ipf praes sg indic - 3p;я
30513;;,;,;PUNCT;;;;;;;;;;PUNCT;;;
30514;;тут;“”“;ADV -;;;мне кажетс€ , _тут_ нужно именно ,;т;у;т;;;;ADV;“”“;ADV -;“
30515;;нужно;Ќ”∆Ќќ;PRAEDIC;;;кажетс€ , тут _нужно_ именно , эээ;о;н;ж;у;н;;PRAEDIC;Ќ”∆Ќќ;ADV -;ќ
30516;;именно;»ћ≈ЌЌќ;PART;;;, тут нужно _именно_ , эээ ,;о;н;н;е;м;и;PART;»ћ≈ЌЌќ;PART;ќ
30517;;,;,;PUNCT;;;;;;;;;;PUNCT;;;
30518;;эээ;ЁЁЁ;NONLEX;;;нужно именно , _эээ_ , знать ,;э;э;э;;;;NONLEX;ЁЁЁ;NONLEX;Ё
30519;;,;,;PUNCT;;;;;;;;;;PUNCT;;;
30520;;знать;«Ќј“№;V ipf - - inf - -;;;, эээ , _знать_ , о чем;ь;т;а;н;з;;V;«Ќј“№;V ipf - - inf - -;№
30521;;,;,;PUNCT;;;;;;;;;;PUNCT;;;
30522;;о;ќ;PR;;;, знать , _о_ чем они говор€т;о;;;;;;PR;ќ;PR;ќ
30523;;чем;„“ќ;SPRO n inan loc sg;;;знать , о _чем_ они говор€т ,;м;е;ч;;;;SPRO;„“ќ;S n - ins sg;ќ
30524;;они;ќЌ»;SPRO pl - - nom;;;, о чем _они_ говор€т , потому что;и;н;о;;;;SPRO;ќЌ»;SPRO pl - - nom;»
30525;;говор€т;√ќ¬ќ–»“№;V ipf praes pl indic - 3p;;;о чем они _говор€т_ , потому что так;т;€;р;о;в;о;V;√ќ¬ќ–»“№;V ipf praes pl indic - 3p;№
30526;;,;,;PUNCT;;;;;;;;;;PUNCT;;;
30527;;потому что;потому что;CONJ;;;они говор€т , _потому что_ так вообще ничего;о;т;ч;;у;м;CONJ;потому что;CONJ;о
30528;;так;“ј ;ADV -;;;говор€т , потому что _так_ вообще ничего не;к;а;т;;;;ADV;“ј ;ADV -; 
30529;;вообще;¬ќќЅў≈;ADV -;;;, потому что так _вообще_ ничего не пон€тно;е;щ;б;о;о;в;ADV;¬ќќЅў≈;ADV -;≈
30530;;ничего;Ќ»„“ќ;SPRO n inan nom sg;;;потому что так вообще _ничего_ не пон€тно .;о;г;е;ч;и;н;SPRO;Ќ»„“ќ;S n - gen sg;ќ
30531;;не;Ќ≈;PART;;;так вообще ничего _не_ пон€тно .;е;н;;;;;PART;Ќ≈;PART;≈
30532;;пон€тно;ѕќЌя“Ќќ;ADV -;;;вообще ничего не _пон€тно_ .;о;н;т;€;н;о;ADV;ѕќЌя“Ќќ;ADV -;ќ
30533;;.;.;PUNCT;;;;;;;;;;PUNCT;;;
30534;;;;;;;;;;;;;;;;;
30535;# sent = 2340;;;;;;;;;;;;;;;;
30536;;¬озможно;¬ќ«ћќ∆Ќќ;ADV -;;;. _¬озможно_ , € просто;о;н;ж;о;м;з;ADV;¬ќ«ћќ∆Ќќ;ADV -;ќ
30537;;,;,;PUNCT;;;;;;;;;;PUNCT;;;
30538;;€;я;SPRO sg 1p - nom;;;¬озможно , _€_ просто невнимательно вгл€делс€;€;;;;;;SPRO;я;SPRO sg 1p - nom;я
30539;;просто;ѕ–ќ—“ќ;PART;;;¬озможно , € _просто_ невнимательно вгл€делс€ ,;о;т;с;о;р;п;PART;ѕ–ќ—“ќ;PART;ќ
30540;;невнимательно;Ќ≈¬Ќ»ћј“≈Ћ№Ќќ;ADV -;;;, € просто _невнимательно_ вгл€делс€ , но;о;н;ь;л;е;т;ADV;Ќ≈¬Ќ»ћј“≈Ћ№Ќќ;ADV -;ќ
30541;;вгл€делс€;¬√Ћяƒ≈“№—я;V pf praet sg indic m -;;;€ просто невнимательно _вгл€делс€_ , но Е;€;с;л;е;д;€;V;¬√Ћяƒ≈“№—я;V pf praet sg indic m -;я
30542;;,;,;PUNCT;;;;;;;;;;PUNCT;;;
30543;;но;Ќќ;CONJ;;;невнимательно вгл€делс€ , _но_ Е дл€ мен€;о;н;;;;;CONJ;Ќќ;CONJ;ќ
30544;;Е;Е;PUNCT;;;;;;;;;;PUNCT;;;
30545;;дл€;ƒЋя;PR;;;, но Е _дл€_ мен€ это осталось;€;л;д;;;;PR;ƒЋя;PR;я
30546;;мен€;я;SPRO sg 1p - gen;;;но Е дл€ _мен€_ это осталось тайной;€;н;е;м;;;SPRO;я;SPRO sg 1p - acc;я
30547;;это;Ё“ќ;SPRO n - nom sg;;;Е дл€ мен€ _это_ осталось тайной .;о;т;э;;;;SPRO;Ё“ќ;S n - nom sg;ќ
30548;;осталось;ќ—“ј“№—я;V pf praet sg indic n -;;;дл€ мен€ это _осталось_ тайной .;ь;с;о;л;а;т;V;ќ—“ј“№—я;V pf praet sg indic n -;я
30549;;тайной;“ј…Ќј;S f inan ins sg;;;мен€ это осталось _тайной_ .;й;о;н;й;а;т;S;“ј…Ќј;S f inan ins sg;ј
30550;;.;.;PUNCT;;;;;;;;;;PUNCT;;;
30551;;;;;;;;;;;;;;;;;
30552;# sent = 2341;;;;;;;;;;;;;;;;
30553;# speaker = я;;;;;;;;;;;;;;;;
30554;# sent = 2342;;;;;;;;;;;;;;;;
30555;;Ќе;Ќ≈;PART;;;_Ќе_ , € думаю;е;н;;;;;PART;Ќ≈;PART;≈
30556;;,;,;PUNCT;;;;;;;;;;PUNCT;;;
30557;;€;я;SPRO sg 1p - nom;;;Ќе , _€_ думаю , непон€тно;€;;;;;;SPRO;я;SPRO sg 1p - nom;я
30558;;думаю;ƒ”ћј“№;V ipf praes sg indic - 1p;;;Ќе , € _думаю_ , непон€тно ,;ю;а;м;у;д;;V;ƒ”ћј“№;V ipf praes sg indic - 1p;№
30559;;,;,;PUNCT;;;;;;;;;;PUNCT;;;
30560;;непон€тно;Ќ≈ѕќЌя“Ќќ;ADV -;;;€ думаю , _непон€тно_ , о чем;о;н;т;€;н;о;ADV;Ќ≈ѕќЌя“Ќќ;ADV -;ќ
30561;;,;,;PUNCT;;;;;;;;;;PUNCT;;;
30562;;о;ќ;PR;;;, непон€тно , _о_ чем говор€т ,;о;;;;;;PR;ќ;PR;ќ
30563;;чем;„“ќ;SPRO n inan loc sg;;;непон€тно , о _чем_ говор€т , потому что;м;е;ч;;;;SPRO;„“ќ;S n - ins sg;ќ
30564;;говор€т;√ќ¬ќ–»“№;V ipf praes pl indic - 3p;;;, о чем _говор€т_ , потому что €;т;€;р;о;в;о;V;√ќ¬ќ–»“№;V ipf praes pl indic - 3p;№
30565;;,;,;PUNCT;;;;;;;;;;PUNCT;;;
30566;;потому что;потому что;CONJ;;;чем говор€т , _потому что_ € тоже не;о;т;ч;;у;м;CONJ;потому что;CONJ;о
30567;;€;я;SPRO sg 1p - nom;;;говор€т , потому что _€_ тоже не пон€л;€;;;;;;SPRO;я;SPRO sg 1p - nom;я
30568;;тоже;“ќ∆≈;PART;;;, потому что € _тоже_ не пон€л .;е;ж;о;т;;;PART;“ќ∆≈;PART;≈
30569;;не;Ќ≈;PART;;;потому что € тоже _не_ пон€л .;е;н;;;;;PART;Ќ≈;PART;≈
30570;;пон€л;ѕќЌя“№;V pf praet sg indic m -;;;€ тоже не _пон€л_ .;л;€;н;о;п;;V;ѕќЌя“№;V pf praet sg indic m -;№
30571;;.;.;PUNCT;;;;;;;;;;PUNCT;;;
30572;;;;;;;;;;;;;;;;;
30573;# sent = 2343;;;;;;;;;;;;;;;;
30574;;Ћадно;ЋјƒЌќ;PART;;;. _Ћадно_ , все .;о;н;д;а;л;;PART;ЋјƒЌќ;PART;ќ
30575;;,;,;PUNCT;;;;;;;;;;PUNCT;;;
30576;;все;¬—≈;PART;;;Ћадно , _все_ .;е;с;в;;;;S;¬—≈;S - - acc pl;≈
30577;;.;.;PUNCT;;;;;;;;;;PUNCT;;;
30578;;;;;;;;;;;;;;;;;
30579;# sent = 2344;;;;;;;;;;;;;;;;
30580;;—пасибо;—ѕј—»Ѕќ;PRAEDIC;;;. _—пасибо_ .;о;б;и;с;а;п;PRAEDIC;—ѕј—»Ѕќ;S n inan nonflex -;ќ
30581;;.;.;PUNCT;;;;;;;;;;PUNCT;;;
30582;;;;;;;;;;;;;;;;;
30583;# sent = 2345;;;;;;;;;;;;;;;;
30584;# #;;;;;;;;;;;;;;;;
30584;# #;;;;;;;;;;;;;;;;
30584;# #;;;;;;;;;;;;;;;;
30584;# #;;;;;;;;;;;;;;;;
30584;# #;;;;;;;;;;;;;;;;
30584;# #;;;;;;;;;;;;;;;;
30584;# #;;;;;;;;;;;;;;;;
30584;# #;;;;;;;;;;;;;;;;
